id,prediction
c6d58c3f69,0
cefcc82292,2
e98005252c,0
58518c10ba,0
c32b0d16df,0
aa2510d454,1
865d1c7b16,0
a16f7ed56b,0
6d9fa191e6,1
c156e8fed5,2
f11f1ffffe,0
d41b559e9f,0
40a9b0f08e,0
d8f3da717a,0
126e3cfa1b,0
4e9266e800,0
6aed8d36c4,0
25208d6ba0,1
e2e9ac7c0e,1
ba081d77e9,1
736398e1c2,1
195bf91d47,0
1560d0a5ef,1
9ac4a418ea,1
fe8a09a5e0,1
47febf64b9,1
c02c110caa,0
ecc46e6843,1
11bfd51cef,1
c140c2dbe4,0
f43526bc93,1
101e77ae70,2
271a1da97e,0
ea0b9c3bef,0
0802a0f669,1
ab63216ae6,0
23c3a73fc6,0
985d338ef8,1
6f6c6fea9d,1
c2664ed75b,0
a956661b91,0
0e3e5e73c6,0
1ab8fd34c1,2
8117fa2533,0
8916c42b8d,0
c65868964b,0
d81aac106b,1
f677445cdb,1
10805bf82e,0
206acf3c75,0
9721cfb6ef,0
fd8926ffaa,0
530597e45b,1
90e8e71f2a,0
95afbb828a,1
4168cf9885,1
ebe9ea1ecb,1
868ca44474,1
082942d779,0
a3a051aa28,0
d1610260dd,0
2f7e0f9f3d,1
4d37dcc165,0
dbb048e569,0
560dfbf473,0
eabb83cb0c,0
81dbac155f,1
01874127e0,0
324a4f0da0,1
a0b1eeb830,0
914b530757,1
f469087306,0
89c44454bb,0
01699b0a8c,0
c148198cdc,2
ea68ca4d71,1
83d32253ff,0
f2ce237405,0
a357a4c329,0
e7ca02b50f,0
c342fd39ac,1
979182c092,0
408628f5b2,0
828b2dc89f,0
0abb490273,0
479c4ad2a4,1
923e58ba4a,0
c00048993c,0
0fbe18afe1,1
07f3f542b2,0
981c6f5c15,0
4acb0d0a7f,1
b31af3320b,0
fda0623fa0,0
7c94437b29,1
0540817ced,0
740c34dec2,1
f25d51d911,1
d64a31ab7d,0
0407d5179a,2
7c76ea83c6,1
159528bbfd,0
f0e07080aa,0
6499d4440e,0
15265af8f0,0
9c0b597928,0
033527da61,0
8e3b08c730,1
48efbfd63b,0
c0df00a780,0
5e71fd08db,1
f77a7c7667,0
be5bd6ee12,1
c4c5a04a19,0
cca0f4d671,1
a653810d2a,1
6c6c2a0a50,0
11a8bb1532,0
d670f34bde,0
76f97a920d,0
8788719e7c,1
335c1cafdc,0
65913a9534,0
a60fe1058c,0
053cd47aa3,0
00a76a81a2,0
b93041378a,0
f93367edb3,0
8153e32f1e,1
3f3579f61d,1
454d5e0a59,1
f7bf792d7d,0
9226c99298,0
fe7d510298,1
bd4ebcf1d4,0
07f3fb3328,0
f9eaae9673,1
ae5cd61d9e,0
18bdd19ffe,1
1d28db6c9a,0
2089d1b0a3,0
be6a9c798d,1
da58d362b3,1
1d8c467a0e,1
87f34a926f,0
4cc4b73580,1
b88327cf5b,0
55524b68b4,0
03347a5a80,1
53e3593eba,0
e2ab186e45,1
8d6c49b649,1
f9ee50f08d,1
12051e5659,1
2a7c348845,1
797f109096,1
70a495721e,0
bad35724ac,0
f053d7735d,0
3781e644a0,0
843ccc3492,1
c58d2374af,0
b181ef0986,1
1d3427a65a,0
840788ea6a,1
0ce3931a1c,0
747ea4221b,0
dde8c2d337,0
95081db694,1
1caffb4201,0
f866706944,1
f19b1bc464,1
c6db2b8b0c,1
26d56f81b4,0
c2a62c0dee,0
25c236e70e,0
cd41b8b517,0
b269007b0b,0
8d64740fa8,2
47228d065b,1
90e1e6624a,0
8169b51f9e,0
9eba5bd185,0
4ee92d7452,1
bcf23acd14,0
8c96cebc94,0
4c55f116ea,1
29dd44f180,0
142d1e90d0,0
0705b5fcae,1
965aead0f9,0
72125071d3,0
65da1f45bb,2
6ad61c560b,1
d947ed7814,0
d3226effb4,1
9367bcb2e8,1
b036a02689,0
fd61e08443,1
95d51b25de,0
df02edf84e,1
0f370e8a5f,1
12ee491f0d,1
1bf54d8e18,0
54c381f8e9,1
b5d8670f78,1
604706577e,0
0cd9abb439,1
95718541d6,1
9d814fe78e,0
3be2fd98ba,0
208a5d2050,1
76e3102a71,1
9d6527cc05,1
7fb0ee0d7a,1
65c613b740,0
f80e1d3d09,0
1cdd43743c,1
fdae4cee12,2
62a4b25585,0
14429beca3,0
a2e2b87de9,1
e2c0e188fa,1
461c7c397b,0
3fc843810d,0
12ddf600bd,0
f0d46f4c2e,1
c2f4d5ff32,1
84ee3d2e82,1
e7119958d5,0
00deb39e72,0
7d491168a8,0
3348ea4471,1
a6b617e4ec,0
db4d66d4ed,0
ed35c4682f,0
c53f0b10e5,0
ba6b8d322d,0
347add9c22,1
ecf1e13d6f,0
8063b75d3a,0
5a00124a20,0
fc60e7b8c6,1
c462ed131d,1
6a7ef38baa,1
809cbcd2c7,0
c958369a67,0
47bc9c35fb,1
c02fb02d31,0
e664502768,0
33f66aef6d,2
e1fcae2570,0
75681556cf,2
fb11c058a3,0
4342a8ec3e,0
189c1ba5c7,0
1d4162343e,0
f8a1864661,1
caba2b13fc,1
0d0599b8cd,2
6259c31e5c,0
e30eaf05a9,1
cdb29e66fc,1
03a160ae89,1
149afaad0b,0
9d5003f950,0
0e22b9ff4e,0
57ee711d64,2
c339b960ec,1
7c092eac9f,1
406ac9b8f2,0
c0bed218c7,1
35ac0316be,0
d2bbccf980,0
03cd2b5f22,0
e3b53c72eb,0
d3ccf6dfd9,1
87934bc95e,0
3cac6e57e9,0
93060f14b3,0
7c09327384,0
481db0dba8,1
b536154ef2,1
12d9af5851,1
a22b51c68a,1
90cf466a22,0
42c14a7720,0
f709d445c7,0
65b6969f49,1
cd5bbc1375,0
10ffd2f59d,0
c542bdf203,0
6925bfc016,1
2d1cf74e73,0
8a6b65d66b,0
dc54a17194,0
432f50113b,0
89de0d762e,0
c2c2e7e4d9,0
37c98de879,0
3cfb9f976c,0
353477011e,1
0aa1ad5671,0
7aadc0a325,0
4e6a3ec2ef,0
16f6384111,0
c6417affe5,0
c90dc99832,1
1537d937c6,0
5ece7b23f9,0
f5d74be419,1
ea853858d4,1
0f8f59d99d,0
7514593f83,0
dfc56f7f62,0
91f394f1ac,0
1b6d8059a3,0
bca8a1a0ed,0
031f008818,0
4dc56b7910,1
914a17e8de,0
783c430d8f,1
b23b093d7c,0
4f19012f56,1
d96539f529,0
83e7d866fb,0
66cbd2334d,1
c3e2152e63,0
c63e2b490d,1
34d7a9ce14,0
e52eb343f0,0
0d6d19b396,0
124ecdce1f,0
703687704e,0
8b866caa4c,0
078c91dd49,0
c34863c1f4,0
689d2f8de8,0
7bb1bde56f,0
83d5846a78,1
41b983b4d1,0
2bd34f85fa,0
fd07fcd604,1
e048bad76d,0
5616b0de03,0
a6f72cb779,1
5cdf5bdab5,1
337a8b498a,2
2c9cd1897c,0
ba181a14a1,0
3bc75dcbfe,0
4aa0dbc350,0
917cf0a8bd,0
44e8b76070,1
76ba85a8bc,1
e8e0fa6bbe,1
9e17041953,1
de5657b6e0,0
9315a61348,0
bc3f779ec3,0
8fe4e9eafb,0
06e4ac75cc,1
88747bd1f9,1
e8111d3288,0
24e79c62eb,0
67d570bba4,0
0dab581af9,1
45a5841a95,0
a90bce8aef,1
38832dee1f,1
ca7ffc8127,0
7c2018c1ad,1
266c820897,2
423bf8baba,1
f78d8aa200,0
f1ac71618e,1
be4527f31f,0
d476ddd84f,0
1352334107,0
b87b3c62be,1
d04807e35a,0
0b6d8b0ce3,0
11848b8adc,0
c1d2d71c3c,0
dcead0671f,1
6b3f8b8e6d,1
605bc369ba,0
c492fd9389,0
4c416360ce,0
cc33756000,0
e9b0295030,0
76f33c5d6e,0
9b9ea6999b,0
ef61253e19,0
8a7f1c871e,0
e6fd31f642,0
3d7e2abded,0
9729696edc,0
e42cd23ed8,0
e6613a6ada,0
4e5cfee380,1
4148328322,0
7b815a02ea,1
44ae0c067a,0
95641818fa,0
67fce3ce02,2
9ec72fe18e,1
a02bada17a,0
2f6fcf5e4d,0
b3b5e091b5,2
668624f71b,0
4a5f68fd43,1
09cc2949e5,1
42f9957b5f,1
87e5101b51,0
be36bf7462,0
4a11baadd8,1
e0bc749255,1
883e22410d,0
70e19e33f7,2
196200def8,0
f8fd92a3af,0
bb4a8285f0,0
fd776936fe,1
6ee09755a2,0
d5ebd4785e,0
f50d8e5f2c,0
42e5e90931,0
d320e854b8,0
05129bb42c,0
0261226cde,1
e2334865f6,1
615b0c07b5,1
511a6763fb,0
775ff946b4,0
be5b734eeb,1
9da855fc99,0
94d218da47,2
484a05a1b7,0
912208c6f4,0
bf8e86c31d,0
8695683532,0
945967e7e2,0
f9d623e8ea,2
95bfb82dfa,0
81d046c389,0
f1a4517f21,0
377eba8724,2
0503644693,0
f74b4be740,1
829a74666b,0
34c3220ee5,0
e60ee72e52,0
d1e44887f9,0
3ef8a6e093,1
e8b3230b0c,2
cbcd3d9622,1
54a5219173,0
acdc565a50,0
97117849d2,0
de0a45fec1,1
44a858d12e,0
b16874537e,0
0f0a90948b,0
9b398e480d,0
f8cdec204e,1
1d9483ee28,0
4cdeea9cf3,0
14b9b9272e,1
6c045c4d23,2
816d53bd41,1
42168df05a,0
f3c7185a77,0
1bde710cf9,0
a382b153a3,1
269fba99fa,1
4fbb1086ff,2
7f459fe1db,1
2253263227,1
68acec71e2,1
269151a160,0
80d2e72419,0
f8274f586e,1
91bfe3daf7,0
ab04aa6fa1,0
a7008c7c59,1
dc4bd47b99,2
46976518e1,0
56224914c3,1
4e5ba4e2a0,1
3a699ec0db,2
20459e1397,1
0238043528,0
3759ca0204,0
233dfba319,0
ddadfa3ef5,1
bed7eed97a,0
474ead0fc7,0
147dc077ea,0
ae793b07c9,0
e37b3dff93,0
f3ca30b42a,0
19c159954d,0
4970743963,0
35ee1973ea,0
534faefdcc,2
e04c6f778f,2
f55ba7c41b,0
e63f86e423,0
3358d94f20,1
47ec7618f5,0
e8a3a11696,1
56c12fc7f5,0
1bffd89128,2
784468420b,0
4c600c679e,1
4d5954fd87,0
122d64aa17,0
0a2166af91,0
ae5a0b4501,1
7f36835064,1
cd03088aa8,1
7948243739,0
c967229ff8,1
c503c71faa,0
8f12b62fcf,0
a5fb88b476,1
ff014d2731,0
c2ab7e0d4e,2
111f0f206c,1
cb312d2d4e,0
4eaf5e1233,1
7c7c6e4960,1
40999e269d,0
a7bb0cf428,0
b7d51414b9,1
04c7237a30,1
74d3182706,0
1679f5ccc4,0
0b118b04c2,1
041ecd4b18,0
126987ba25,0
b82b4f6fe0,1
fe0ce2d412,0
bb26302f60,0
1b93b7bf0a,0
5ce1b35613,0
f2955735f8,1
9b0eec1536,0
f69894b07b,0
78a0994fc2,0
75caf8bed0,1
f5ebf408a1,1
b3614435f9,0
d6ccdc92f4,0
a2a21a2671,2
420eba7f83,2
13b3624406,0
652956afeb,1
6974ef01ea,0
f9b76f5789,0
ab48ab7772,0
c112c039c4,1
0e458015ea,0
4d1f77f67d,0
ed7a78496f,0
6f62de7b8f,0
8f960fdcb7,1
92dfa3590f,1
2de87aa3a8,1
22c59c5cfc,1
60dfdf9bf1,1
9708a04e6a,2
c00a43b67c,1
627fff934e,0
a95c86d303,0
4364b442d9,0
1de317dd96,2
9e5700e149,0
6b0042e99a,0
9c5773d895,1
fdb0422f04,0
414ebceb29,0
365aeadef7,1
4f7042686d,2
32d5fd64c3,0
09539f72be,0
d3f804fc6e,1
83cb4a2bfc,0
ed96a83704,0
bdc1cd48b6,0
b98603702e,0
9db52a5acc,0
5e797282a3,0
6caa0dccda,2
ff33442350,1
c9fccc4123,0
036d595d55,0
43f846ff5e,0
fb557072c3,2
6fd8b1ef3d,1
a7e9b32755,0
71631765ca,0
0848d6d3fb,1
43650984f0,1
266b1ce7d0,0
7b5f42b267,0
ea1c26c45e,0
e1fa3f2c5f,0
4d1017a2ff,0
0aacff4d03,0
588a39236b,0
52ed4e0f76,1
7414caa86e,1
eb77e2e939,0
c74b15bdb5,0
57dae09a2b,0
fe1cab16e6,1
249446d4ba,0
58eb2b6f0b,0
7fb8126947,1
e10f1fd8f4,0
d59c6e64a3,0
72bcca47a9,0
9dddec3c8b,0
93865426ff,0
1445eb93ee,0
d15227376c,0
663f493043,0
d9b2ab1b77,0
d86417a723,2
a915b86890,0
dbc93c21ee,2
75465ab0ca,2
93bef37be9,0
a52d8cf1d3,0
9321efc8e8,1
d34c1f5bd9,1
bc73ce64e9,0
7b3cce7358,1
d6b68e7dd3,0
77ae8408da,0
11bc5f33e0,1
dde0667ef8,0
5825f588c5,0
e56d273097,0
6b3d384bc5,1
a026369f08,1
40a3f973cc,0
db27467663,0
9bb50db463,0
66c33e81fc,0
7f5a0f2895,1
b753788227,0
d26aa6dd9a,0
8372aea853,0
844a1ad008,1
d15be1eb93,0
534bfcb5f0,0
932192c160,1
c72e9bac78,0
bde03e9e8c,0
27eabe981d,1
f2e4bdee71,0
435ff1fb6e,0
f437e2979e,2
b0abb3036c,1
39401af82a,0
e595d6cd62,0
2c8380eb93,0
4270e65a11,0
763294db7b,1
7ef3de34fa,0
d9e8ebc2c0,1
98aadd5492,0
270d6f4974,1
5cec2e326a,0
2a051805cd,1
274e45fcc6,1
f75f7433cd,1
fa19f0e92e,0
b69f1278f6,0
7cd553fd2e,0
8958779065,0
c001208476,0
253147ad80,1
5a53f5f365,1
c1099d2a1c,2
b6e54baf69,1
05afc601ee,0
4436327e71,1
f76a9e11b8,0
6cc0b6c1f2,1
f266031231,0
eba80502bb,0
c9985f86e7,1
08c05e6bd7,0
7283e04bae,0
0e3ba07eea,0
7f4b3cc834,0
0ce48f9fc1,0
6581dea2d1,1
236ba027a8,0
dbd2597c7f,0
e47db528c6,0
9adf74cf1e,0
8ff6c43fcd,1
57f432ce15,1
df4fb6021c,0
8ac36799b8,0
a70d816f85,0
13fa65170f,1
edad2f8a97,0
27378df24c,0
40f39aeea8,0
6ae08b5308,0
db19071cad,0
e05577d4db,0
7675cabd51,0
df0de36fa8,0
a474441102,1
5482399b0f,0
f4409dcabd,0
a50316f36a,0
7f84d2a376,0
3ef7854cba,0
1572e921f2,0
30eba84835,1
e7b99bb758,1
5ac8055053,0
ec3f4daf54,0
7ba5cbf49a,0
37d65d7cb2,1
d5c49e4429,0
e5dd31ec29,1
3148feac93,2
3aeba1c7aa,0
86067a9824,0
a8220a6b1c,0
78530fb908,0
bd90925901,1
f64c4ee971,0
b71883f8f9,1
c7090ebabc,0
013ad01696,2
3df7ad0899,0
4712c33746,0
b089bb6fcd,0
6eb46a1423,0
78137312e8,1
02abfc2d4e,0
8b73de4474,0
c5f05c6568,1
76973236e6,0
8727b5f7c0,0
d23a3c8eab,1
6667decd77,0
c1a2e8b289,0
9238157a3f,0
1ecd0f4b2d,0
0493ee98c0,0
7cdd110905,0
3f6e39bbf9,1
fcfa1d9cc0,0
a134ebdd73,0
7316ed4800,1
73d11612c8,1
30f170c50a,0
2ff2ec175a,0
e5045cf516,0
a63ba8e83a,1
e8989af644,0
a740390b6d,0
7ca64e3b68,1
574e3f237e,2
0464cc19a9,0
0b482a01d1,0
a03c1e96b3,0
cb0a6d5b4b,0
98e22227e9,0
cbb169079d,0
d4bc837116,2
996e4bc560,1
5d0eef7077,0
f31a1f7fbc,0
ea40bcad6a,0
1d5537c166,0
64409160b4,0
1dd8ad27bc,1
0aa1b25d03,0
f38ea7a623,1
ccb1bbc36b,0
00324e1642,0
68836609ea,1
94369a319a,0
f27aa5f315,0
fe0a8ce6b2,0
89c64d9ae7,0
b8c8cded72,0
fdd2f1c9a1,0
3ace2b0bdc,0
727052643b,2
24a359b476,0
68129093c0,1
ee9e697061,1
3dcb6babbe,0
3cb6939939,1
99edf6e21f,0
210e553d20,0
fa364eaeb7,0
33610ea056,1
d7e7a28eaa,0
767c5c9dc7,0
e668bed125,0
a8a68fbbf3,1
8585ed1da7,0
f5d25cb32a,1
2bb8ecab42,1
9c14d892d8,2
434b9a3322,0
43b73428ca,1
7a99d5c716,0
982f42fdc2,2
916ed4ae8f,1
4739b265ff,0
228b8ff33c,0
da87ec3383,0
b7b7d8b62c,0
3d17f5ed9e,1
758cc04b63,1
a6b6cf39ea,0
45f7672a17,1
05fe214237,0
52bc1483e3,0
f6a6eba9e9,0
0db74c840a,0
2ba9fbf1e3,1
82294f6074,0
025eee3634,0
8c066004fb,0
8eb3c769e7,2
24ecbf79c0,0
e4969603d6,0
64a21d86ad,0
aebb6209ce,0
5f429f55bd,0
50290cfa55,0
4b90b4c94f,1
78df34ff37,1
87887ff85c,0
4df354a460,0
5f27be0631,0
4e39cfdb50,1
19f698eb28,0
5eca7e2648,0
33588680b0,0
ddf43d1e76,2
ebfd45fd1c,0
b97d576fe2,1
1fae0c4805,0
95859ece13,0
e6b1502b9e,0
1f6fa81620,1
dddbe88578,0
3bc6066bc0,0
9c532bcc17,0
3100384761,1
1aa7d03348,0
cfa1dd75de,0
4e3bb46426,0
1b2defc5da,1
c517391953,0
a106d34c33,1
9a797e767a,0
820c22078b,0
afb4464e72,1
b4031b791b,1
7cf240567c,0
6434a283cb,1
8c031e77dc,0
299a93b6d9,0
853e8fbcb0,2
3e118113ee,1
3db2431f0b,0
89326f9c73,0
b361f81522,0
fb507c42a9,0
b86c0aab7a,0
2a29cd8d13,0
7902bc0ddf,0
7e13b7e61c,1
21f516aef1,0
bcddef541a,0
1c64f9f4ce,1
a5905d851e,1
11d175de1b,0
ebae73f2fb,0
15d5882b08,0
1031542257,0
e7ea7f9fd5,0
b237c99428,1
932f3832b1,1
f442d75e60,1
2de96f97db,1
8ab4e8e5e7,0
b02ff186e4,0
3835050a5b,0
d0ec1df738,0
441d6f6e2a,0
c50909159c,1
f588dd970f,0
bacb530c43,0
6762e46a92,0
7a69efd494,0
d93d4ddf40,0
679bc83f64,1
7f688aee60,1
36c47762e1,0
af140ee3e1,0
ce41c8eae1,0
ff47a2fb74,1
d02581f656,0
5d0de96a03,0
5f5d19cad6,0
e5d570c732,0
9d61121064,0
8284c37d6e,0
e24775fa35,0
3c28c77a3a,0
26a636e7de,0
22bcae9003,0
1d160db3e6,1
a1d62c59e3,0
064bff4f10,0
3e85db6c54,0
3713c89ec5,0
c45e9a277d,0
feaf248af5,2
a798b51026,1
ff1f3a729f,0
f2ca184e3c,2
de77edec79,0
a32d02490f,0
1be97b1868,0
24808e9794,0
cf77619517,0
5c75fcdcd2,1
3c3fa5ff07,1
1261f12d7d,1
940961f751,0
5b39cdadbb,0
58b49b869e,0
e6d0312edc,0
27471969a2,0
4cd1638df3,0
603e359f5b,0
baa13e0bd0,0
37bceead18,1
737f48d505,0
d321eab7a9,0
a71b60cdec,1
114325b164,0
782c37156c,0
dac78fa9eb,0
794927e57b,0
a4d2ab23e5,2
838466de9b,0
6140cfba0d,1
0124883f72,0
fe550a7c87,0
a79903d796,0
4335e36953,0
97cbbfc0c9,0
65db2106bb,0
bb0a1db625,1
0bc16aaf9a,1
245e6b1c92,0
d182b3737f,1
5faac8d4df,0
80c5f996ba,0
0320b16051,0
82313e6094,0
557ccb8935,0
305efd65a1,2
74d263f624,1
fd43ef7d5f,1
1f7d3d00d1,0
a3833020bf,1
d74fffc6bd,1
077fa501a3,0
85f7a89680,0
402dd272ae,0
36a3b34769,0
084c396a8c,0
319d9fc467,0
c6fb482711,0
bac9df3899,1
d0e22252e9,0
3f78f2cfd8,1
005ef62089,2
ca62a7cb36,1
2a660e42bb,1
e22948f69d,1
7df5daa3eb,0
95296aa523,0
3659d2cef0,1
c0c3a38853,0
5c4efbf85f,0
0ddac53ad6,0
75574ffe8e,0
1137660493,0
d7e0469a22,0
7834ac8f9c,1
a464e48a0b,1
c723daada0,0
46d8f079ef,1
2a2da690d2,0
8422fad145,1
1b337ce265,2
d843153cfa,0
490f16dbcf,0
0dd19d6ba8,0
ff16e789d7,0
7a85395d37,0
c4c671d535,0
d2355d60c8,1
1fd2caee06,1
5c20a4b95c,0
33c6cf2f40,1
d281d17eea,0
9dadd2a0a4,0
3d2776cc72,1
0f66be3576,1
557a24e8a5,0
5bac792202,0
dc182a31bc,0
d7ce828413,0
ee87a7ea00,1
fb970bc991,1
bb7b82dd38,0
aaf83fcefb,0
2164ea7b4e,1
573929377e,1
c6aad7c698,0
09a206022d,1
43b9e60df4,0
438ed54499,0
631b278ef3,0
6da41f3ebc,1
0ebb49c10e,0
3ad7521f37,0
f7bc9a7f0d,0
135950c7c6,0
73fc1731b9,1
0ab7e85bd7,1
c44faac871,0
b7a348f52e,0
6e5e1dd794,1
77b4e167eb,1
9edd9f3172,0
b024bff5ef,1
29fd79c9d7,2
7dc2cc09db,0
2345abea2c,0
af0b95ae5f,0
69ee11f557,0
9128e324f8,0
5bb178a611,1
c3761f996b,1
9caf7b0891,0
a451a0116b,0
c96cc1ed21,0
b030c2e709,0
fdc40f8a8d,1
fa35bcae1b,0
d7292643b8,0
b86f82c825,2
d4afa78626,1
3cb22bfe35,1
f42127d810,1
42fa0ea428,0
d6a5e5b173,0
c087cd1138,2
c8d8635b16,0
a1578fbbd2,0
4a46be839e,2
585b14f5f4,1
150dcef5b9,0
837bbe1c6b,0
06a4996736,0
69d4c39973,1
052bbabf01,0
7d06ee917f,0
d5eeb10f29,0
565bcecd15,0
00af9ce2ee,0
34695c33d2,0
210bf77fcf,0
773eb8a5a6,0
20c4bcfdb7,1
d778941b47,2
e13b3e087b,1
299f8f1848,0
aa980cfc3c,0
23daac22d1,0
0441855811,1
d65219bf15,0
68633fff24,0
e3c506ce9d,1
10af87b3e0,0
b903eacf08,0
4c25511e9a,0
f2d9bb3ff7,0
8bb8fe28cc,0
9570e1d7a6,1
089a8a7971,0
34257fbe82,0
2badc63390,2
6b6558777e,2
8f4b1aa65a,1
627fdaa121,1
ab131b64a1,0
6427a64e9e,1
6fe14ace92,2
db7c3a3302,1
c8f7f3f1c1,0
13f059b5bf,0
f9c38500af,1
f1919b76c1,0
1c686188e0,0
5d80d521a4,2
9d755c525c,0
7dc4ddd8d7,0
ff251d4c66,2
f203ffcc02,0
dec0bbc1e0,0
5e3762f6ff,1
e6be1f9eb4,0
87db73e670,0
33a3c86280,2
f18e0755ee,0
125edde804,1
5fd3401fe0,0
820f2e3fc3,1
829ab3a440,1
b087e4a191,1
4318104b40,0
e7b9b4c8e7,0
2bfc050b98,0
c147cdb785,1
2a3a247d74,0
97546487a6,1
a965de0a6c,0
3d3c02fc46,1
d43f2eb30a,0
197b282710,2
7dae867602,1
823bd3f723,0
d1735653b8,1
f3e1c5f85b,1
29a71213f0,1
67e2978fdb,0
e6021e1122,0
7bf7474166,0
0aa43d6d49,0
3d533da3c4,0
053e6f86b6,1
aaf7bb8b43,0
3b00b15743,0
7fdfc459d6,0
a1acd762aa,0
0691640ea0,0
0e840ca37a,0
b23624e707,0
43bf42970b,0
dcc548fdb7,1
0b7752832c,0
246e00e9b8,0
24340b2b1b,0
56d1f867aa,0
e9325c5c2f,0
15aa341387,1
1ec477f753,0
7ca2d2d09d,1
5f4ad46699,0
2afc26e93c,0
468474f393,0
1c3ca739a2,0
d8aca8bbef,0
919806021e,1
5a52ef37fc,0
249706763f,1
cb87dafdfd,1
63354da5e1,0
a8c45c6f24,1
dda70e02f6,0
74236234ec,0
d1f3213037,2
99575386e2,0
b049d0199f,0
ff958d028b,0
3262962c57,0
0849ebb0ff,0
bce58e5426,0
33ef7e8ad4,0
7f49d02422,0
3c134fb1f2,1
59f2951c42,0
25c8939c1e,0
69d04196b0,0
6845b86f2b,1
442ebf0fbb,1
3024b80208,0
178b1159b1,0
717f023f95,0
19ccefb8b9,1
2d880d580d,0
289062515f,0
c53907201b,0
775ee101bf,0
a93d624724,1
8fea770172,0
36e5d73472,0
6e39f23d27,1
8205582339,1
5a983c910f,0
36517755c8,0
c65c99a25c,0
da15328d30,0
5703c3dda3,1
cf7be1104c,0
41d29f6c13,0
131cb3be04,1
fc09fdf1e0,2
6f09bf603d,1
3ea28fdae3,0
4e695210c5,0
8b454db5bf,0
d19f5ea583,1
4d028c4c77,1
092546fcc2,0
3ba71b99f4,0
0120906704,0
880c0e1a21,1
d61a9bea8e,1
c89ecb79b6,0
1ee9624eff,0
985cfe6a3e,0
2de44851a3,0
57a7631ce5,1
a5f12fbb4a,2
3972db3d45,1
dd1bd2c704,0
bb2df19e68,1
9e8f64714b,0
05478b3b17,1
f97d716421,0
dbb042f710,1
b92f532652,0
c8b8c26151,1
6242b45836,1
0c6b86ace1,0
973a858731,0
b82ee4e71c,0
273009901b,0
cfa1e0952a,0
cc5decccd8,0
fbae9ec0cb,1
5ff8564e86,0
2cadcb29a1,0
fc78d9bdc1,0
c12bed2d58,0
9e32e0acd3,0
2cd0f9990d,1
2f52148a84,1
3e9bcb9a1f,0
2db52d7e5a,0
b5f255f582,1
271b198fce,0
0f2479b378,0
5ecd7bd788,0
45b7b5da84,0
9d4ba55322,0
090e67f3b3,0
abf4797324,0
0ff398d6f0,0
60e74e7a02,2
acaf915b03,0
724cad9848,0
4be18418a2,0
d5b4f8d22f,1
d1915a05f3,0
7d02402353,0
55a8ea7533,0
a70b0c816f,0
106517e884,0
4f41c77382,0
55d6d1d027,1
1b59d97923,1
4085540b8e,0
5458221de2,0
2f862a7a88,0
015125ba9c,0
31729daaf2,0
6e1b609ff2,2
1c1cdbd39b,0
718edc03d1,0
8685c7c226,0
8b01a74178,0
fb9c3c2f2f,0
1e4487d9f5,1
7cc5c6dbe8,0
2591e84ca1,2
02d756851b,0
2d265964ce,0
76f4ce0d56,0
af13ee387d,0
ca2f8bb441,0
2e3047e86f,1
fccc4a140c,0
49328ab7fe,0
0369e17f3e,0
242e001793,0
e2c35d774f,0
bb8860e401,2
9c3beedf2b,1
fd3ca76ae3,1
a9b8fdb137,0
d01e50e2d7,1
801daed5cf,1
71b91da183,1
64926d3e2b,0
b6e7d8cf8e,2
9c87055e64,2
1631844bec,1
4adf05923e,0
5dd73015a8,1
9cb3c10979,0
b21f70e8f6,0
54c4119beb,1
5003bbd1af,0
dec3d26623,0
3f74e28f55,0
590c8bcbee,0
991f28613c,0
60d48a140a,0
3013eefd5f,1
58bdf493a9,0
0858aca32a,0
4f41dab600,0
c0f81d5532,1
96e347af7f,1
14e31dc2cc,0
a43d78734a,1
fcd42e9cd5,1
2f4c94cf50,0
fae2d2ca88,0
54c49d31d2,0
99f688ce62,1
11d1dcc66a,1
e763cd8a4b,0
08c91426b9,0
64d9e40c8f,0
a6bc4b99e8,1
84938cee65,0
710efa3333,2
c2b80bf44c,1
6715d58483,0
679f33cea2,0
976f0b4a09,1
9e35c6bbb6,1
6be3af4e56,0
fc02412485,0
10c5d3c2a5,1
31a6951d1d,1
54bbf65f4b,0
6bfdff72d0,0
79a7d7093b,1
56b164acb1,0
4beda3291c,0
793778f66a,1
259df00bcf,0
9a32d91657,0
5e859e7b6b,0
cb005d010e,0
43499e8091,1
9392f0340d,0
f2e39cc682,0
ba92df1d65,0
3f9ececbd7,0
c233e6f9e5,0
491a7701b5,0
df4fb019bf,0
705fb96912,0
2a35c820ef,0
6556bc1d6a,0
8af56a2ce5,0
405c20751e,0
cb46b23e18,0
71fe506dc9,0
19c411bbc6,1
b89bdc0b52,0
e590f1343c,1
e139035115,0
ecf1235c2b,1
245d68cf07,0
c6cb18b88c,0
df71895905,1
338e465331,0
b3d4710cf9,1
f9c68ebcb7,0
46a8891d8d,1
2eda0fd3ab,1
a671e1390e,1
f2373740e3,0
177666a433,0
b13042d6b3,0
e63cc9def1,2
5ffaccddd1,1
16c2a4b941,0
d0eb6054c9,0
4842fec235,1
3025783518,0
ac330b5c14,0
e38c741f1c,2
98d1cacf88,0
68f0625a48,2
3de16f1492,0
63d66667cc,1
0cc652c753,1
3503cb5847,1
75b802ab04,0
2dc415b7c3,0
d4ad327462,0
746d98d6fe,0
87d4374d88,0
302890260e,0
989b92f441,0
fd5c557853,0
c055976cd2,0
2b7d5b7438,1
953069b130,2
73afa6b5fd,0
d4d4a8e8ed,1
e0656d298f,0
98f3dfe2aa,0
16e9b62021,0
72a0894598,1
21cf457279,0
9de69eec66,0
e69f9f818e,1
35d8a1810a,0
43c5d86c8b,0
d38d3b1c1f,1
1375c30ffe,0
e2dea4e393,0
6b84e89a08,0
0ecba48ce0,0
7a759f2b1c,1
78b64e5c7a,0
e2a67177d4,1
36d05b1dc1,1
161487319e,0
212adbe328,0
b227aee39b,0
4343be90db,0
28a6907400,0
6836179364,1
ecae1c9648,0
adf9002f61,0
37a7c40c7f,0
4e35acb0d0,1
a78d1c2134,0
7b77299259,0
f4a08fe0dd,0
1db75a2a55,1
5d7c1608f0,0
0f4908bf0e,0
7d7b31c765,1
b853aa8ddc,0
ca5b533cac,0
6d2cb2b604,0
b80a4b52fe,0
893a0d7ccb,1
9d08887f37,1
f0a29648db,1
23a4904109,2
6eda0923af,1
a7bc7f40ef,0
a733f7ff8d,0
a0deaa4edf,1
3d9c7e7666,0
f0d4ab11d1,2
2dc6af9fc3,0
50ac754bdb,0
654ba3a213,1
238b28c2d3,0
2686c730ef,0
ba57d3ff22,0
422d56e2eb,0
a66045c50b,0
aaf5a494b6,1
50d530afa1,0
79a79e8423,0
b82b9f1e9f,2
c1e17f4733,1
04cbae6c67,0
82124e744d,1
8568b9c685,0
d06b4efe79,0
a17a6f7059,0
c1dad95751,0
4ab98dc00c,0
6e350cd582,1
dddbbb0193,0
57cbd61c09,1
37ee723a7e,0
dd51f4192b,2
edbc138e6d,1
a1b247ebb2,1
04c9c66e5b,0
ca76e5a254,0
1b4ac37341,1
4c8cbbbf72,0
8967c27c48,0
151ee0fdd3,0
008faf2cb8,0
2a4bc3b351,0
d1620642c8,0
d9b1674cf4,0
37f4b25f65,2
f148a6805c,0
4a0272c335,0
a3c3fe90f3,0
62cc917c6b,1
8daca4f9fa,0
034ee91af5,1
264c0b45d7,1
a44c9bf645,0
09154cdb47,0
0d6fa9af60,1
3573d71829,0
25ba01e2c3,0
eaa1c8e1ab,0
be521c99f2,0
40f6c4ed25,0
3e93ae4f78,1
f0072645c0,0
21ac0cf11c,1
ae71915391,0
ff05ada8b0,0
7abeb9e466,0
0ed11c71a5,0
d8a16c4ed1,0
7f8d09c015,0
a6a9d4d7a8,1
0c948d8251,0
93394ac9df,0
0e1177b3b2,0
ac481ef387,0
0d640c89c8,0
7ce38fd782,0
76b3eb1ed8,0
15323812f8,0
a0f215b341,1
523de3957c,0
79eb087542,1
fabdadb2a1,1
40388bef90,0
14783f781e,0
152f7a453a,0
5f7fe3b3ca,0
144c6808e1,1
0ea45948fe,0
d2cf85cca8,2
0f1a21c51e,0
8ab9fc3601,1
43060d80d0,1
d3ddb14d32,2
ae8d411a1a,0
75a3e08a87,0
26568d0729,0
ad794c4747,1
64c60b8b49,0
9c6be61e3f,0
07ebb6e835,0
060cc9939f,0
c5549eb969,0
f573181b18,2
e37a1f378b,0
d7145ffb1d,0
6fbf8c82c5,1
12f1ebfb89,1
2a63aa1add,0
2b61803639,1
a08200915c,0
aba42de974,1
b169ee2797,0
dd45af1025,0
4de7919717,0
01700092ed,0
3a8e0389f0,0
ac445228c3,2
adfb9a4ecd,0
e85c6750c9,0
def7847d30,0
aae5df7d32,1
da67be0c30,0
73672504b3,1
993b4720c5,0
8b84e7b914,0
d8cd95ef9d,0
86a415de5c,1
1dcb961459,0
331a10bc01,1
59b708d54d,1
e6d991c4c7,1
6a39d3fca6,1
f7510070c6,0
09ed9c8368,0
05cf4d7859,0
dc9111a806,2
dbec0e4176,0
20baae7533,0
cb59391a30,0
f4425c80da,1
fff8eb1ee3,1
40eded248c,1
ddaecf5b09,1
e689082c7d,0
0c7a83acad,0
6b8ce47bf7,0
a58c3bd999,1
9d66209834,0
caa1c31b0b,0
772f83c711,1
ef83acde21,1
94419f67e7,1
c736e94949,0
0b50989f5e,0
ad19a572cb,0
062bd2d789,0
7caa0317b5,1
24b0e8ce7d,0
d3405d681f,0
b96d4c1bd4,0
0d1648f444,0
7278cfe4c6,0
a1d5581fee,0
3b7302816d,1
526efac142,0
3ad8cc68fe,0
54c83ec733,1
587d8fc9ce,0
a208af31cc,0
0a7d266142,1
ffb28a4a4f,1
9e52cbb90c,1
3115e73a59,0
c0521317ea,0
4125db4e13,0
d82560cd4a,0
a04b0de7b3,0
f8d4396145,0
4c8cba334d,1
a1440ab2a8,0
4b6bb90cbc,0
f51e8fa536,0
684a6f1dab,0
d80a46dada,0
47f06ab37b,0
74214e120a,0
117378e34e,0
03a8786a91,1
3a345db8c9,0
52a07543f2,0
119a8c992a,1
0778f35bd3,0
c72d221521,1
f21b1aafcf,1
11cb6c0f11,1
39efe43a11,0
e761ec7037,1
fb14da3f94,1
b874715ca0,0
293f6e432b,0
49c95ba289,0
5ec6d7cbf5,1
c2d54c1c6f,1
fbbd80ab04,0
a0cd4cae72,0
751f69321d,0
e4d76adf9b,0
73b3d99ff1,0
a5ae8e91fd,0
761afde3c4,0
631fa9991f,0
ed8ab864ab,1
e0170b9447,0
8ced3d2267,0
6ea2fe4c4d,0
8b0fe1216f,0
5a4d4669a9,1
df85bd0c1f,2
b6d8be892a,0
7596426dde,1
9134a56b3c,2
6088846840,0
858099a3d8,0
e57676b0ea,1
13425ac5cd,0
2c0713c4f5,0
9d40dd2178,2
2e90c3156f,0
de49d40254,1
10701cefdf,0
ad18453f79,0
6c69abd549,0
eb8e81f4cc,0
eafc6f232d,0
278aa4f94d,1
98e438da96,2
d6fdb95e90,1
c0dff2d0ec,0
de9f29884b,0
cbb16f5a52,1
f974d5733d,0
ee198def57,1
633d682bc9,0
7b0debed4e,0
3fedcdddb5,1
02b3ce8d37,0
8ad358c7c7,0
6f48462864,1
11d698bb45,1
577c80d2c7,0
99d903bf24,1
3dced3b57b,1
afc010b195,0
58adbf9f88,1
eb8c06fa56,0
b8e7bdb3f6,0
4e7f4d03f5,2
1f710b51cb,1
c12a4264e1,1
eace78152e,1
3b6682f1df,0
b7adc44334,0
1597c7d7b4,1
810135a348,1
0013150720,0
d0cc716e01,0
d73a61c12a,0
e193589c96,0
b1a9e777f7,0
f89eb0381d,0
dad9a23ef2,0
e1a185ab4f,0
576332c963,0
9d884a2b0e,1
93a5fa7bcf,1
096dab07aa,0
5396ff56e3,1
db2a9ad333,0
4a1b4db3c9,0
6e6d3a465f,0
9eb0f82f11,1
cbd8bd8078,0
303a51bf5c,1
7a026996c2,1
12bcccbe2b,1
428276608e,0
49ed2555cb,1
d10cb5ed6b,1
86cb242314,1
5b6681978f,1
224e5b492f,0
29c72d8041,0
1ebb639725,0
82705a57b5,0
9c684c2c7e,1
4e31a2d96f,0
077a42c555,1
2411584b80,0
4f754907b8,1
b5df3d928c,0
66b95c256e,1
90c985854d,1
70da17c2df,0
0cf97d3e34,0
d47b92eb70,0
1962c4f221,0
96f2e3baee,1
f9e59ddae6,0
cdada24753,0
6e82ec4c23,1
29b11d8ab9,0
8cd38b61f7,0
727fa29cda,0
01956fa147,1
7462e1e7bf,0
f2a4181424,0
3e3367a856,0
55a938cf85,0
7723848467,0
49ade1e461,1
bf679d22c8,0
e1540a7dd4,1
1d2702088a,0
4f5d40f484,0
15161292b9,1
910c203108,0
2e01c25e30,1
1dffb2fc52,1
afacbd68ca,0
2a2892f5e8,0
4d4b96eed8,1
ad3ecb5c8b,1
fed7331638,0
68ace2e46d,2
9cda710965,0
7f1046534e,1
e0fe4db1f0,0
c7ccc6a686,0
e067039fc8,1
55777f6801,0
e48481d4fd,0
0a90267a40,1
e700d22009,1
f7bcfd76b9,1
69b0c6d107,1
cd0e6fd44a,0
5db20abb71,0
a14ab0f792,0
7ad10dc1dd,0
9392377824,0
ca17b4a33b,0
e475c1d6f8,0
48694c3ccb,1
e539b035d4,1
328ba13e60,1
256f3a6718,1
e17f67d429,0
d6524b768b,1
dfc21ac23b,0
2a3981ff12,2
4e4ea9b82e,0
a082747945,1
d492381f77,0
e8208c75a3,0
6ab9b713a4,0
4ca5a8a39a,0
a96fc42769,1
5611f11916,0
70565f52ea,1
c725bfaa4e,0
080d9d21e0,0
68aa33fa71,0
c9b8a49ce4,1
f269df3694,0
221a96a346,0
a0565e7615,1
2758bcae24,1
5be86f0019,1
bf26c6d698,0
4b5d36cae9,0
37c80c5be7,1
20af7a372c,1
299f10ac7d,0
a18ea12e30,0
9aab581693,2
1f2c977bd8,1
b806619f3e,1
4054265818,0
a230f0f1c6,1
47296e153c,0
9d448d05c3,0
f69a6de130,2
cb80c4f0a6,0
37beb9abe2,1
7c463463f0,0
0861208a95,0
09b7f1fbde,0
35605ba118,1
1eaadaf9bd,1
89d234f8ad,0
e1cbd5b241,0
999ba0c718,1
fce6c31139,0
fd8b58a022,2
bb771f2d41,1
a71d64c00f,0
b17ae9fc5c,0
e561513de4,1
3a9c568b7f,0
09c13b6157,1
63456608c7,0
b1d6bd4bb9,1
fbf33623fe,0
d76d84419e,0
8d860dd86f,2
69bfb575bb,0
2f64397087,1
f4688d4bc1,1
e09868ec63,0
9ae401ce01,1
6083487f52,0
e9cf1a8939,0
0e5369e049,1
a024a6626f,1
3b0ff437b4,1
a824434e4f,1
279f47105a,1
91406d50de,1
ec93ef4f79,0
796e28030b,1
ccf30b9904,2
b002f3d12e,0
f65e5396cb,1
e473710093,1
66afeca302,0
f0be4b4f50,0
5c0d54ab8e,1
f62ff0cf88,0
2b3d0cf67f,0
800d335701,0
ddfdf2efb1,2
18b82d67d9,1
50cbe61f08,1
9b81a46f1e,0
9fd3491fbd,0
22465dca58,0
420706c6be,0
c0a5ccd10c,0
8e46e6c02b,0
e6f9c35e4b,0
4626e0a382,0
75a0c18396,1
7e251f6eb9,0
e02ace300e,0
e3ce104de8,0
b96761134a,0
c423edb120,1
633d0f486b,0
135e30b8d6,0
4d50de367e,0
8e7f7b901d,1
f88518ea9a,0
24e8d3b843,0
d7a1617505,0
9a30f16964,0
9cdc354e26,0
2f09984548,1
598d3717a0,0
65dd0e4093,0
c4f7fcfa3e,0
a332de5bb5,1
98ead2488a,1
f377cca4a4,0
bdc2083e40,0
10ee36dd64,1
7f88fb2cf6,0
d5a868cc40,0
22878cf0a4,0
908a59e728,0
1f1b74b320,0
bb4b366adf,0
13dc7f3740,1
4116e23eb4,1
d6cafd200a,0
1d159f1e58,0
d6d99a75ad,0
1e393dc084,0
aac62a23d8,0
e69450d07f,0
71f7b10db4,0
4e6cbd1746,1
091fdead63,1
1b5354755b,2
7219affeea,0
fe82693496,1
49d7a94197,1
6633410794,0
085929e4a2,0
cf719a2f63,0
b327867fd3,0
fab1106fe3,0
1fd8a1c1df,0
96ba28e813,0
37c500f27f,0
8051e821c6,1
f756d6cb3b,0
445b4ac052,0
00a556e8a6,1
fb00b51f6f,0
b5da22d02a,0
bc66d78740,1
36543650db,0
1570d65daf,1
950a3c83f5,2
982da79482,0
8435b00c67,0
ab42178445,2
6df27902d9,1
34a10d9bc9,0
e6f760c6ab,1
60c9228a67,0
e2e3eeb90f,0
d74e092fdc,0
c4564ecae4,0
590c09c117,0
29b25ff755,2
eb7dbf2c5d,1
84adea6449,0
341cb70fb0,0
16f9a5eef1,2
b732353690,2
a82a1b4e80,1
4c95fd300c,2
91461c07b8,1
5ddffd14f6,1
b951a87f61,1
4ddab5d492,2
5a2844d633,0
e3597e32db,0
4490fcbfd2,0
30e536c4d2,0
84ab6d7313,0
29c20fcd3c,0
3f12915b3a,1
2b47991f17,1
c1b4a449cd,1
f172c710a4,0
368a54c17a,0
33805cfda2,0
4d2aba7f68,0
6d10976c65,1
6df3d599ab,0
5f477fcdd9,0
61eea30ae4,0
557cc7f901,0
7b31064599,1
28f09c55f6,1
5010e43026,0
2ff034bf47,0
728b5025a2,1
d87cfc242c,1
201cdcbb0f,0
5f03ccc998,0
c0ba046f63,0
2da92bdc24,1
86ade03d7f,1
3a10e5a077,0
3c962c44c6,0
eaf1048067,1
70e65c94ad,0
c804133fc5,1
97903b78f5,1
f99ab3605b,1
1dc88b49b0,0
18d6ba1664,1
bf718f9f87,0
fe67b83b66,1
d6f348fc35,0
66d27bacb0,2
7f11253a55,0
4cb4067a63,1
e5052e3efa,1
83c62102b2,1
5376eeab5f,1
8c13298d0d,0
487254b38f,0
e3407d9498,0
c0b4b505b1,0
e272ba4956,1
d5d85d56a1,0
e826855170,0
074b3a9399,1
5c1bdb04d2,0
73f94240e4,0
b10555165f,0
e762d232b7,0
f5240c73a5,0
8732d335c3,0
35fcf00a3b,0
4a8b7082ab,0
8bb5b913fb,0
fd6851b32c,0
e68dcc9b1c,1
8a1e0f8978,0
f6986d2a1b,0
f2de8e4462,1
6709605c7c,0
d7486fb68b,2
a8bdcbc7e7,1
6a4948377e,0
0137116753,0
49ff2b9d4c,0
d9797852e6,0
3b4aae9c91,0
009541662d,0
40b9f6c142,0
071ba37f56,0
23ead75865,0
b20f43db2e,1
ba9c02c844,0
f025aeca5e,0
25262b8bce,1
98b3e0ee21,1
77a7ac8b66,1
ec074b5911,1
c20ed6ccf4,2
8022f84008,0
e37e26cb51,0
ef84b7a7eb,0
114f328574,0
d6c97a1f3c,0
1049ddbfc8,0
5e97ff2fbc,0
9e6b8814e8,2
0a744588de,0
c28bb9f5ef,1
c923be9ae1,0
1d23a89075,0
5cd32d0d38,0
921ca5f7a0,0
52c0a0a61e,0
9d8b334cb4,1
22154b8268,1
6323223a3b,1
9afbd385e6,1
65100749a5,0
25b4a8ebfe,0
f005d12543,1
f6e2e47ec7,0
709b2fc5a9,0
f2c7535089,1
7b2cf8eec9,1
b34ac54b71,0
ea838bb160,0
1ba8449e34,0
93df1ed297,1
6ab50b56e7,0
3acceaa679,1
02f69071ed,1
6717cdbe0d,1
81d667bc8f,1
c18dd3568d,1
cff65b0194,0
771d1e5564,0
9edab48a3e,0
fe9f75c467,0
bbb46ffecb,0
2e9ac90656,1
684d924927,0
1c330fbabc,0
a2f04e777f,0
61cc63c3b0,1
ebedb95b30,0
3c189cb18d,1
0814c25187,0
18559e771d,0
55089d8950,0
8c48e9cda9,1
c81dbcfb5c,0
d65c26b850,1
c3bb9b5bc9,0
b62757c954,0
96a192e5a6,1
30983edaf3,0
ad30d84917,1
34054e0519,0
e429b853f0,1
9689ad1d72,1
9b78bf3058,1
47b95fe0fa,0
a9b7c950e1,0
ecca0f86d7,0
15407c8d73,0
09dc2920d6,1
8799d86112,1
3f554ce397,1
c2f75ae0e9,0
25e5c7b4ba,0
a8d3f80fed,0
f9fb6bb4a3,1
a18fba89e9,1
b1c4c554d9,0
d7e62b1442,1
2464ee4b12,0
bc8255ad9d,1
ccfadfa095,1
d8ccb62849,0
1790479dfe,1
dad1a46ed1,0
9b9b72ab99,0
f25e6fbcd6,0
d05ba84589,0
27f4161d24,0
95e7b76901,1
0c5aa728b0,0
9333faa358,0
65a25624d4,0
d8d1d8091d,0
5112090020,1
0053d0ca97,0
5f40d6d847,1
f0b5445c2c,0
b929c4c7a7,0
68fc46e322,0
c8e25a620b,2
f2d1636cfb,1
8af28cb419,0
ecab388ea4,1
8ae74f6612,0
697e5501c4,1
c9ee15351f,1
8840fe817b,0
4b50b4143a,0
e80c2731b2,1
c8d96917b8,1
81ad44674d,0
db21fb2e49,1
985911212f,2
69760ea333,0
a0e92b27ce,0
ff566c5ee6,1
254cbc2855,0
025e81cfc7,0
08cc49e407,0
cc9726c91d,0
1058657927,0
1126218e49,0
1035a1a4b8,0
e95c580d28,0
9ac29adb35,0
16b4f6c8a6,0
539dd0f30e,1
ae2813d8ae,0
675cc329e6,0
abb798f84f,1
cd660f6ab5,0
ba65c244cf,0
28b5a77269,1
7d357d529b,1
34629fd216,0
9ae784ec3a,1
5c8782b67e,0
cebe354eff,0
e609f65ffa,0
afa38e24d7,1
0f3a5fe0c5,0
f09e606d97,0
c68040f4b6,0
f174067da8,0
8dbdb111bb,0
e3598abb15,0
c9fffd562b,0
b3b8c990b5,0
c8ae152968,0
00a661bf71,0
4cf51bfcc6,0
86ea38e588,0
1d0e54b59f,1
9c4fdae070,0
e182a80baf,2
c7cba9f41d,0
6d009312e7,0
ce5a64d20d,1
323ebf05c2,0
39e18c047d,0
371041d74e,1
f148ffad7f,1
8e8658a7da,2
977536bedc,0
bebe60a628,1
359ceec339,0
588ff666b2,0
125e259351,0
31213f6420,1
f351b475b3,0
350515f89b,1
dea33671d7,0
759838b641,0
419951c822,0
9a5bf8d5ce,0
419c4d813f,0
00d70b33b2,0
c225aa2545,0
6dde657f19,0
ab843c197e,0
7c30ed9ca6,0
cd4235f18b,0
107bbc5c2e,1
6dcfd5c2c9,0
8a4b9bfca0,1
528b10047e,1
8c3e230622,0
7852f8d9fc,0
b069a5ac66,0
9ef7a79e17,0
0a0831e8f4,0
290b02a3db,1
2c3af12d6e,0
289c889e9a,1
4b8e7e9e0f,0
78e9b6e0ac,0
4ccf61b333,0
7738cc767b,0
72ea71c325,1
85bbd7d1b1,0
63d52d3ab7,0
a8196f9018,1
d63be717ca,0
7a61d46a4b,1
ecbc0f458c,0
9059a00c4b,0
608ed9c549,0
40294a72be,0
66413466ac,1
662d308d29,0
a2da43dbac,0
7b2bc619c7,0
37eff96af1,0
fddc8551d9,1
a60386db7b,2
5f9a6b24db,1
a2d112a6f1,1
266c3209bb,0
ab29889867,0
7b62cbb97e,1
2cda8abd3e,0
6a6904c0c6,1
48cadce718,0
91b192233b,0
e6d15e80e8,1
de27b6be86,0
f18538491d,0
5251574689,0
ba456201b5,0
1e8a85ecf9,1
a4a5087d23,0
d66cd15b1b,0
0f7ad81b4e,0
3213ff2240,0
013985fdf5,1
eaabe9795f,0
fcf3ecdf50,1
fa07f47485,1
b72f884498,1
6d49314f33,0
3fac40463d,1
3bd19cd443,0
4792c0bdba,0
4213c0ff26,0
f33a28e691,0
743b4cd69b,0
12f4a320b4,1
21e1d2438c,2
90a3b45f7c,1
e7a6266bab,0
eaa3a6d24e,2
b1514e3038,1
f1383ca598,0
2c85dcbc22,0
f880800121,0
7802e6680c,1
d2b88aad07,1
fb55e07fb3,0
9e022805c1,0
ed70c19a5a,0
483fef0184,1
e8fc19b3e7,0
75aef1fd51,1
91869e6141,1
ff0b2cd4eb,1
815f6a3c47,0
c6a9d4b1b4,0
ae5a19022d,2
8db05cff92,0
bee3fe4da4,0
ae1ed6ab99,1
811a39a572,0
5e603e449f,1
08739ad118,1
3774d1b3ee,1
3c57b8e75c,0
e8c65d4b87,0
1f09a98ff2,0
6fb6e7abb3,0
a5b2951917,1
b7c03168d2,0
e84a08f133,0
b0180b97e3,0
45d2f56b77,0
1e47b84b32,0
b4ad69c3b8,1
217294e5b7,0
beb0c91db1,1
1267b1a21e,1
58d5bc2114,1
aab5389e9e,0
668295ddd4,0
5dccf7f3cd,1
9dce92f5c9,0
83fd0f4593,1
2ea6e49a6b,0
d6c7c35099,0
c1d77f40ed,0
63f8751ef4,2
e86b2527bd,1
6587a96aee,0
dcfb79b954,1
0e9a7c772a,0
fe0deec159,1
ac999715f9,1
031435d582,0
859b296573,0
8fb7fe61f3,0
1259edf6bd,1
46cddb475b,1
291b1821a8,0
15279419b8,0
70c6bb0d6d,0
6a1fc24885,0
aec7bdb325,2
49952ada9e,1
a0fe788b0b,0
bd03b499a9,0
e6fcbb0349,1
6a56a81882,0
050e5f849c,0
9e6360eb0b,0
cfd8912f6b,0
dccc7a1cb7,0
e8dfc3eb0b,1
55648a86e5,0
ac52a2c813,0
fb6315bb70,1
85d06533fd,0
2c6a046f2e,0
910046473e,0
f79907a176,1
8cb01b10f8,0
d4674f3ab8,0
ecffec0e98,2
e253d94856,0
3dca047430,0
8c5585b50a,0
5b6a212210,1
dd546ab5d6,2
fe0ba2969a,1
3343cfc3d7,0
b1aadd6055,0
b39c95bb45,0
ab03346af1,0
92c9e37e37,1
c44be67e4a,0
5b5e227c1c,0
7b4141fca5,1
d939b5560a,0
b6e4e862f6,1
827726534f,1
41fdb55651,1
5938e3aaf6,0
eb0a106141,1
279ecae9c5,0
bc1a9e0ed4,0
ddb982fe50,0
4c2e0a36a9,0
deecc1a6ad,1
9aaa4b82d1,0
509cc1fcf5,0
070dee7de4,2
a955e86317,0
459815248c,1
867124e4a4,0
f19e27e9a1,0
c09b680bb9,0
aa7abb809b,0
aaf94d178b,0
3a8221db17,0
3f0cd49700,0
c09bb405a5,1
33c5214585,0
b7ae7ccd8a,1
f764d08138,1
d62b15019c,0
42d32157c9,0
c5b2281191,0
54828e66d0,0
f35e3dca9c,0
2b32416d47,1
49c2880ad0,1
5cf8f1c8b5,0
66295cdd83,1
96721243a9,0
3a2acaf6ad,0
47f040c49c,2
c58dbfe3cc,1
63c7777786,0
993d94218e,0
015e025207,0
f281eb0a46,1
39179693dd,0
f24f8328a0,1
e433456cfb,1
067aced6b6,1
1fa39c8d11,0
61c419266a,0
4fda6b0b3f,1
56ef5c8780,1
7d560f0a3b,1
57c9108a0f,0
dfc9484f6f,0
fd3754e256,1
21dfd38aef,2
648ed66874,0
786f1a7cb8,1
92c685de7b,0
55c80c23f8,0
8229cace69,1
8d56fe261f,1
790b8ce741,1
b23860d15e,0
ad21f212e5,0
42aaa6c380,0
611621c2c7,0
c49ef48096,0
93b386b350,1
661ac10613,0
d3e470c256,0
a278b03848,0
11f23241fc,0
dfab4ef10d,2
0ae81dc48b,1
5d32fa2a35,0
7a482b3792,0
64eac8af8d,1
24f7310cfb,1
2dae39b01b,0
582380f17d,0
c0f7f3a386,0
d7e19e199e,0
b021dd8b5d,1
80e440c256,0
d71db41f52,0
ab643a5acb,1
c74d0cf4cc,0
052ae7fbd1,0
eaa136dd52,1
7471b45a60,0
2779470497,0
88c17ecf14,0
38c10c9248,1
507c02f2b2,1
fa5cec1e2b,0
7815f1891b,1
b1333a756a,0
098a95ddd2,0
9d5aee9fcc,1
9cf9d13f4c,0
b2f1858948,0
0e6dfcf2c0,0
54fc264668,0
fcbfed7cbf,0
1d6f493692,0
ed2f8a8b6c,0
f45284bb6d,1
e44c7537a6,0
967436b594,1
c74620713b,0
3417530c94,2
6895fc1f55,0
cdae87e255,0
a6bf64ff74,1
9898b6a20e,1
a8b31f4b65,0
bc499ddadb,1
b7f83f2a7a,0
1336fb4fe3,1
de3f34c291,2
7b51764004,0
48dd422676,0
dad230d07c,0
b87fc69d29,0
b4b5753189,1
af646244cf,1
0eae256cf2,0
4bcb384bed,0
c981d41a93,0
539791106b,2
4f4e072d69,0
c981fd95d1,1
a3b1972c1b,0
4a4daa5969,0
af49803fed,1
6e468534bb,1
34d7f68787,1
224b2db929,0
2ffc434b3b,0
e4bc4064d7,0
c2c06c4354,1
46d5e6ce73,0
2f3e4355b8,0
d12536eca8,0
e7964cd2a4,0
d4e215e056,0
2cf223761b,1
f91801d283,0
a47332b258,1
2f5dd9914f,1
79ec5e934f,0
cc364b018b,0
87c26028c7,1
1efa7eae79,0
c5e2e445fb,1
dc3a8d2968,0
088784d38d,1
a2ade1bbc3,0
845480aeec,0
35e35fae9c,0
17f783e522,0
610df76318,0
77d297bf3a,1
e77fe19bb5,1
9107a6680f,1
9e185f38ca,2
7682e7f25d,0
adf5d32394,0
3f4cc356a0,0
7fff7ee48d,0
0a94380a7b,0
3bdb14645b,2
bad364df43,0
dfa3888b42,0
cc48a72249,2
244c7c1734,1
b4b8e9cd21,1
4532ec07c8,0
d6db994a03,1
81f8bd703e,0
aaf1d40104,0
c22524d4f5,0
49955ecff0,1
a0c24cdac7,0
835f51cf4f,0
84df2bb4e8,1
ca4b529c1d,0
94ac2a1ff7,0
8ad0ba6b2a,0
e696b21c5a,0
3ac47e688c,0
6630688dba,0
0209b56e49,0
94a5d129ec,0
f0cdeea967,0
89ba790f40,0
01e2007d47,1
4b5da2a68a,0
1b12b3898f,0
c2babbf1f9,0
58d65fe7d4,0
cd9d3403f0,1
b82970b513,1
096152b113,0
5b5e2ae121,0
c177b00ce6,1
9e813faaf0,0
3f82cc8f04,0
ffb12187ea,0
87814b0f51,0
f95dba85e9,1
93eb41692b,0
07c7724341,1
1e86c38999,1
a36baddf43,0
72f6e244da,0
be7af4e8ea,1
6477e45d2e,0
32df4893b5,0
46d9a3bbda,0
83d3acb204,0
f15546c965,0
4c638d4ba7,0
525d29b4ad,1
9337d03355,0
10870d132e,1
ea2f7e7ed2,0
9ccc16e1e0,0
ed3a3aad47,0
3540adf79d,0
207a144e1e,0
dcacb3e8c6,0
1fd594855b,1
f8b461b0dc,0
d79745e7cb,1
e670ea3ce3,1
810c4e8c9e,1
1f87229859,0
43be1a3345,1
6a744d3977,2
8c3cbc7cb2,0
ae956a5456,0
899e7288e4,1
5143da732a,0
99c8f76ad0,0
6d8a9c25dc,0
a794d22318,0
e1650a2489,0
0133fd91c8,0
0849f77e23,0
16d30e2ef1,1
8c9358c4ae,1
b2629e98bb,1
c1ca56a25f,0
a121038504,0
d6f03cddb4,0
81bacd4d3d,0
0fa6031235,0
8df7f7f2f2,1
56b3aa42b4,0
6630b2d893,0
3bd2f2f7b8,1
7f9c9d957c,0
f6b30d1ab6,1
194e27a2c7,0
5048d425a6,1
76b3a8e246,1
9f81e17da2,0
6b9f4d0ccd,1
6cbb4be3ed,2
e474ca934b,0
93bc18ad88,1
c623a227db,0
dd9a4f82f5,1
c573d6534e,0
4564a225ce,0
0bbc0237fb,0
46540fb4a3,1
f3b29695ef,2
f0885ca11a,0
6501bec36c,1
cb899f942e,0
7e25d16546,2
e2226c488a,1
649cdcf23a,1
fa763c3d8a,0
d5ced9a530,0
85643dcbc8,0
757cfe8cb9,0
0a4c23502c,0
05a1108337,2
14ba9768e5,1
3c8934e346,0
c2df14413a,2
069f67e2e5,0
35d55e3de2,0
230e0ad518,0
194c7606ff,0
7c7cb27c03,0
6b46b43766,0
b476ac3318,0
1ba4e614d6,0
f9a3a65291,1
7ddd6cdfc8,0
e5245f0192,0
b6b104e0c0,0
fcee68e03f,0
a3439a3378,1
fdadbd2105,0
244e50f4a2,0
2a94296111,0
876a68e36d,1
4075c53cae,0
cea6bda7fa,1
7ede309f01,0
2b79c0334e,0
ae9ce56a06,0
3ff00ed5e1,0
77a49d3eeb,0
f815980337,0
db50766832,1
da41b32a79,0
74e1c86782,1
419e930c90,1
12cee1075e,0
bb20d5e8a0,0
874fdfe995,1
6473f09be0,1
bc8bbd8d0c,0
8461f38561,2
8a56a7a26c,0
d0cc5ab107,0
a535972611,0
69bd88ef5c,0
311f9c5d39,0
3453f8a623,1
317eda0a13,0
02d48aa71a,1
60fcc058ab,1
6bdb466e3f,0
fd6e9d8545,1
38ad99fe1a,1
742e433479,1
e7280a57cc,1
6d8f41ea60,0
2e89856341,0
0460e1e929,1
e1913d888a,0
d0be6f14ca,1
742d11d994,0
ba11686435,0
5c35fab6bc,0
d2bc6646e2,0
ab4abe46ab,0
3aaee7866a,1
c52ea5bbde,1
460dd5b32b,0
8ea21a90f9,0
2c461fd1b4,0
3db4cd209c,0
18ba7884fc,1
c90e3414a2,0
5a4b2af816,0
504766fc6a,1
7efd0b5d5a,0
5e2193d71a,0
7891a7b52f,2
ce2297c705,0
64f3dcdefb,0
491ce72615,1
4ae19a18a3,0
246ddca733,0
e042699e14,0
5e6423c655,0
658e5d40c3,0
50a3737085,1
de296fb273,0
245a06c2d3,0
e8ed2c621a,0
20e0a1b35b,0
f1421ff431,0
e95f307b29,0
fd9c4b371b,0
81fda885b9,0
fb40eb4fb5,0
92a03af58a,0
33ab3bd7d9,0
0a807e6f7f,0
d15fa0d458,1
d5f30f9489,0
4f1f1fbb6f,0
451f7f01c9,0
230332bb87,1
083c7c379f,0
beb4503be2,0
75ffb46b43,1
e84066e1e2,0
d3e46b88e4,1
fe46102d90,0
9bbb3110d3,1
418c7a5604,2
88457c7242,0
4239c4835d,0
2f3f8cd8cd,0
57b0555613,0
f056172e67,1
6dd7148bd2,1
14139f1c9b,1
3b93161749,1
32af4e3de4,1
3b0f91c76e,1
41fe9fb1ec,0
0707e233be,0
d5e605044e,1
5a0a333c72,1
0001718fc3,0
1828d9efdf,1
9d2a45e2b3,2
3b98936d7a,1
1449ad4f82,1
50acbcba92,1
d9421e0bd6,0
f74d042da5,1
fc2cf71126,0
155f713bfb,2
34f29bc5bc,0
48994b0132,0
c1a79a83b2,0
4e69b3e698,1
7f836a2e77,0
1338648f15,0
8a35913176,1
82359a10ac,1
d4229f6c49,0
433afd8ddd,0
cff162cbec,1
b209e87313,2
5e6f925734,0
ed54d0252e,0
58175a916a,1
7f70c19f9e,2
b5e7ded9a6,0
e3f87b9d75,0
54a855ccab,0
c84d4da39b,1
daf0e7c309,0
58591b4d6e,1
c9e2bb5327,1
8902606f0a,1
9522bf306e,0
93c474d34e,0
cb2a31bc88,1
e607259fb0,1
5a9d607889,0
a3156bea41,0
846566e170,1
ffe66dbcc7,1
ec81cac249,0
dbad90f8d8,0
f86127275e,1
86140d1ac6,0
0b5cf4d3f9,0
ff57e2fa3a,1
b9b7a309ca,0
16bf445765,0
8ba38ebb65,0
d6c92d9bec,0
3d6fac7e2d,0
8164e7947b,1
95b8719d9d,2
47575243bc,1
c8614a2cf7,0
779019ad0e,1
7666ae7eb5,0
7b57b36051,1
74df7c8912,0
f8ca634ba7,1
3fa01061e2,1
e8a4374fbc,1
4b34fb6371,0
4fca0b9d55,1
2b1c78a63d,2
b2a27cc22c,2
3d0e1d9c3e,1
9ad5d81cb5,0
40430167c6,1
d57b8b724b,0
237157b7e1,0
4b23bd81a1,0
3b23fe1e95,0
4cdae3ef95,0
aa64e05184,0
ab569e9e7d,1
cdb380b585,1
50fd16b9f3,1
f2e70ead5a,0
42999b6386,0
38506abab4,0
995492c948,0
753c1ba23d,1
0491dd2600,0
01773b35da,1
efd820ce99,0
329c04f4ec,1
b15f5bdaf0,0
3f2489c655,1
b133257d36,0
111a9f4e18,0
2e6ca18d94,2
4da9d62bc8,0
f81904f891,1
ce7c6448a8,0
1c0e4618a8,0
ce51c7404d,1
63ed9b0b56,1
668678adc2,0
49e3a934b3,0
3f8b646f48,1
a0fd91297e,1
0b23187639,1
700498c981,0
fbb6bcc5d2,0
8a22765343,1
1643c4982f,1
d8d3c3dd15,0
c9fb6dcc8d,1
6acbd39329,1
7e5594c9b1,0
2db0c11fee,0
3a543c89f5,0
3cfa1782ee,1
bfe8db449f,0
cdf2a45183,1
44d7297fbe,0
dcfc8cca9e,1
47826bf6e7,0
adb35f57c8,1
ba61c4cc1b,1
831ae19ae3,1
b274333bd3,0
35388c61df,1
2ae726847c,1
5ad8cec83c,0
d68118690e,0
3dcd5bff87,0
08224308a0,0
71877742dd,0
0367616b60,0
53ea69dfc0,1
aa3890819c,0
2b9f979000,0
c81a62b2d4,0
91026c6eb6,0
e4490e18ea,1
1091459e6d,1
884dd1544c,0
652b76ed9c,0
eebec7f916,0
c0d2c34471,0
06b20170a9,0
ccfe0be687,1
6afde96109,0
522263544f,0
6bc32be6bf,1
3913c30edf,1
49c03a1f22,1
1d30d6eaef,1
70eb6471d5,1
c1ccceee9c,0
2f7f52da9b,0
1e4402f622,2
85a38b7dc5,0
29fbc8e405,0
4bb1c7d1fe,0
e7857bf8d7,0
8e5dddd3ad,1
dd28d51b9e,0
cf3c265344,1
8d79649dea,2
1db4332ae4,1
2447ec7097,0
46dce6993b,0
0c8ba1cef3,0
07e816aa6c,0
15fd7d9a50,0
4ce7b06684,0
baabe27e40,0
8e661b1574,1
876b944457,0
2eaeb09d11,1
9f9ee108fe,1
9553c6c9c8,0
c00481867c,0
a43f9dfe94,0
03ccd491e1,0
a4f74215af,1
ce2178d73f,0
2bc1083d21,2
bc1220066c,1
fe5b124a1e,1
ab7917cd16,1
22cb4d573c,2
3a86c8d070,2
b0efc064b9,1
36c15b1d1b,0
24244c171f,1
d6ba782804,0
ad74c2e80c,0
7e7c91bdbd,1
1902a6aa34,0
2dffbf7713,0
be794e6d81,0
60de3bbf5c,0
c79cdc4db6,0
001e3335be,0
0b5367c57e,1
73a847b1a0,0
6070c96b27,1
b1f0c50745,0
f149880019,0
10776ff1ac,0
4dcd82e6e9,2
6ce64b1e87,0
bfd7a340a8,1
4363c3649b,0
e3eee77359,1
b81f8ca296,1
154bf9ad1f,0
e0a93cdf08,0
d94ed30f46,1
52634347d0,0
8b6609f222,0
c0b62933ac,1
6bde95c929,1
47aa927cee,0
7b3f932963,0
1cd3e87165,1
c1ce98ba31,0
3018cf3080,0
ed7531fd57,1
8e470538a9,0
e6291b6241,0
b3600e1155,1
b87730dc23,2
75e6fda742,1
09597f1d0d,0
1b9cbbb971,0
1cabca5b56,0
76d567325c,0
dadb1c8e17,0
4d6557d0f3,0
24f1b736b2,2
5dd09997a5,1
f58d061d0b,1
086f3a1bf6,0
dd085ea72f,2
5fdacd989d,0
b8bd2a188e,0
2152ce2537,1
95476ca53d,1
89ea784aa9,1
35c4cf20f3,0
1eeedf10db,0
77ce5b0f99,0
a4fe0f2516,1
c4733bf9ef,0
10c8468f34,1
1b775440c3,0
3f3a70be56,0
bfc86587c2,1
c8c5bef825,0
a96ea898cf,0
bef949e516,0
6814f50d89,2
11436afd9e,2
088fea8fe3,0
9f45f4933b,1
c8704fb942,0
d51b197fd5,1
781e1dd48f,0
dcda3cb1f2,0
7d98bb322e,1
1c57c4c7d4,0
5b759a6369,1
eba30c2149,0
710b24f23e,0
6c12c1e558,0
611500af8d,0
c85d95825b,0
6860f76ffb,0
7dbf05ff14,1
2596abd986,1
f260247ac7,1
ceaf182d4c,1
2b3ee0415e,2
713c4f3be0,1
ea184b77de,0
28735abf63,1
7828798ee7,0
a84daaa051,0
aa5d30ec20,1
6c85f5aca5,0
3561aaf11f,1
40c0374c24,1
0fc24d8b28,0
6fe24c1e9a,1
0c8155eb8d,0
8234330cb8,0
a1c12887f1,0
9812eb1527,0
951ae988af,0
111787181b,1
0f543bc671,1
c2819304e7,0
c8c43a416b,0
c87369be18,0
7020a9ce55,0
4ad2993dd3,1
a2f120903b,2
2b5445a8d9,1
20360e5728,1
372b0c053a,0
a825fd3755,1
5022174343,0
97865ddd8e,0
0dfaafa5d8,0
b27077a872,0
24e02a353f,0
d04b216d6d,0
43ce79314b,1
56d680cecb,0
c9d4dc43a6,2
2787b273f3,1
189b912322,0
90765cefa9,0
0d5200e7f9,1
9746bab156,0
3f1bbacca7,0
d08bf9fea6,0
e8fff73391,1
b89d8a8fb9,1
61a9f66651,2
f68410c8ee,0
50f513b7d7,2
bf8d9a3d67,0
0502d741a2,0
d6834b91ad,1
02aa81d82b,1
f6cbbfdb88,1
c0a019cf42,1
02ef979ca8,1
ec0a425bf3,0
cbc32567a2,1
823597c21d,1
67fb6cd4a3,0
6d75f617ff,1
12010b3338,1
1327babbb0,0
a59eb45d4f,0
318f38165e,1
79cdd329c6,0
75166120e6,0
5dd0ca146e,0
9f1a2cdd34,0
dec033fe8f,0
ad7a033e8d,1
088c6ecac1,0
04bd33f36b,0
656b60a2ec,2
e90d966f3c,0
59dcdf3d8a,0
f2bda11084,0
0273a7453d,0
6a08757940,0
89fd52b49b,1
045b708d2b,0
72154ab537,1
a413cbba43,0
bc17669d5c,0
40113ecc08,0
47ca4e1046,0
4cd8c1f9ba,1
190f0c5c2f,1
b3ba8fc1b1,1
4d73c1252f,0
b1a89da63c,0
be6a089384,1
93a1b6bbfb,0
2489a8ea9e,1
2fbf66fe84,0
11f7d16a10,0
79d067a6ac,1
f7a821c561,1
20bc3c271c,1
62ab8c7484,0
46bf572009,0
fb1b31883c,1
ba1478e63f,0
e9ecb20c7c,0
68ca4aa704,0
93b0b7ed18,2
5d69ea07c6,0
e1acc3e53d,0
28dd562acd,0
ca07780084,2
38951ca8a4,0
de98cef58b,2
9bf72b96b4,1
8ebe22c030,0
a8d5a978a7,0
794f48ffd2,0
3e78aa7a88,0
5df4825b03,1
f627527b87,0
59c2171b8a,0
6a96496ffa,1
c0f094f47d,1
db0ccd872d,0
10e82e41d4,0
8bc34ff0b7,0
964482cf29,0
9d893ed846,0
709db4f2e2,1
9e03b2035d,0
43e67c7fc8,0
af8855932a,1
e38da917fa,0
a9d3de4212,0
4b185b6af1,0
506168f3e2,1
d8f4d975ba,1
133b52cf85,1
b24d43e12e,1
b44a6adb9c,1
3ced92186a,1
83e24616f7,2
c00e41fb9f,0
345db26351,0
5acc6a531b,0
3e740566dd,0
d0ab866de6,0
2f6e2fe99c,0
b177c7b239,1
40b725f5e0,0
9f963b38f4,1
e32e40565c,0
85c5c47087,0
293f549ae7,0
007ec408cc,0
a130d92915,0
f56b2dc58c,0
d8e786c955,1
d32358d049,1
c5d4a3946d,0
5b9dec91e4,0
7d6e44fa5a,1
6efef21300,0
428c374cc0,0
446119eb58,0
55f650564c,0
13884b99d5,0
ae42ce8b40,0
73af58ad9b,0
bec2299a93,0
96ad4e2754,0
358ad493f2,1
a258174a61,0
0006c49adb,0
b691813f06,1
9fd2e3c30b,1
479fc0e9e9,0
406f14add2,1
5b3386f5d7,0
0a8b114937,1
b63066e130,2
dd5dbb5ecb,1
f2a33ed61a,0
cc4d313261,2
0e38a986fa,0
dff35cbfb9,1
eee9ef09b2,0
59cd7e2072,0
cabd643cb5,0
a345f13729,0
e03e99484d,0
a2c7c2dac0,0
fa76d2cb1c,1
a4540e294c,1
e8486a1816,0
cdb9e63e1e,0
9892ef32ea,1
267ec22f32,2
548ace001f,1
35bff2ebc0,0
7a1aea7b18,0
5cf2b7e72d,1
2c62352868,1
91208de2c3,1
860840e7ab,0
3d9f6bbdab,0
234c556dd1,0
5003c53480,1
5109dd2b34,1
9faff69fb1,0
28fe336c74,0
b305f0ac22,1
237dbc9f71,0
0d70157778,0
f74b64bbae,1
331693d9fd,0
3b0dfe8598,0
255726da56,0
8eb3df0140,0
9ae4b79b30,1
d309dae4d5,0
2c6c205c43,1
62a143e524,1
12c32a3036,0
e7316280ee,0
dd37b2f17c,1
02046da1cc,0
ff4f6b6246,0
e9e3b54cf5,0
35f8ea18b5,0
b915544ac9,1
b175e691d0,0
433d7fff00,0
7eec800c4e,0
c74b440aa4,0
9c4aada449,1
32cf178dcd,0
554797fbb0,0
0af7db9467,0
f464052794,0
206db0e110,0
1f1f5daa15,1
1d23111e05,1
def359f5a4,0
9f9e8d115e,1
54f12a2a5b,0
4b74a8db13,0
2e957158e6,0
c548478675,1
69979cd625,1
3bbee73f22,0
44ba5e3c5f,0
09bc53b3a2,0
485241e47b,0
768e92e526,1
b732314970,0
04c6c01f87,0
906e85fcd3,0
3d4bc76079,0
4cc9f714da,0
606251bab8,0
e79501ad57,1
8e8f49dd59,0
d4a5a012cd,0
36261a57bd,2
e98dc8b9d1,1
82c117dbcc,0
3121df29d6,2
2c5a69302c,1
531ba60386,0
c903b12821,0
9e99bf2bab,1
e261d54010,0
314d0f94e8,0
2977ab679c,0
8dbc556208,0
8c4823168e,1
8259357282,0
c1c8af6b32,0
c2ff62f8f0,0
fbe224c239,0
1b8e5ce514,0
94f47c306f,0
948a686134,0
ede4e2bbcf,0
8e4b7ece8c,1
5d564be56d,0
4d98b56f2d,1
d22790d02e,0
f99eeea8bf,0
e8bc035dc7,1
73cb12e564,0
65de6974d7,1
d8804b774d,2
b57585c6c5,1
eab70d9635,0
58998d2d2c,0
0246551d9c,1
c55077049e,0
795fb70a3b,0
bbfab3584e,1
281e567639,0
d441e5fada,0
8aee0fde52,1
a48a16f5a8,0
1f2e1fa6ed,0
1b69bd80b1,0
402caf2c77,0
e3d09a1ff5,1
6d30b31399,0
a8159ef5b6,0
5643170cc6,1
a1f31804b9,1
a5844edd1e,0
1b45b1b6cf,0
ae78ace23e,1
3e59829b6e,1
649abeab37,0
1cc49f8bd7,0
573cfdd46f,1
b3bf0c4566,1
58e40f653a,1
ea7875e8a6,0
1e130670a2,0
b6d9435ee4,1
86a07a41d8,0
ea3b6f24d9,0
b505f34457,0
80f13c7ff9,1
e40780efe1,0
99c764d455,0
78b2ae2728,0
c882fc3f6e,0
4dd481dcc5,0
5ed16b6f7f,1
d88a776baa,0
4b0949cec5,0
28e4dfb30c,0
5f2ec30200,0
5affcd666a,0
39dec1dc7c,0
e39c7e78ff,0
5608a51e54,1
8a327ad3a8,1
26b271e10b,2
03e6c12bd1,0
d9ff64b6ea,0
082bec9d01,0
109def9a59,1
bab3f8e801,0
7443b28261,0
d05d4aa3b4,0
87a775c3eb,1
39baf804a5,2
88e9c84c6f,0
526b97e3a7,0
566d7a2078,1
55bc9b4cf9,0
cabf03b349,1
c7990d64e9,1
b268f6a664,0
b7de059c09,0
51481c6217,1
1f41375297,0
b17a75ab70,0
f13837dd08,0
907ee9427e,0
83e5c41f3f,0
041e83d123,0
7b4def0815,1
b96ecd0786,2
131fc06111,2
79420155bc,0
7ed2ae3834,1
02de71993c,1
ba440cacf0,0
e737b20217,1
ac7b5a6484,0
760a077e6c,1
c737f4148a,1
55b8d332b8,0
b30e91e7d7,0
7bd5a61ab8,0
6593fcfbff,0
12fe89ea59,1
b0e950b925,0
797b9f7e0c,0
fc914a4daa,0
fb3a5248a6,0
67d7801dd3,0
d99102896e,0
466ab2432d,0
95603299ca,1
6d1d4b2a4b,1
d84e1214f1,2
ab0c289ac6,1
6e63089b84,0
7e4a7e9883,0
4276238b2e,0
18004c31fa,2
08e65df0b6,0
ef70bb9ce0,0
6579eaff5c,0
f01441ffb4,0
778b13e6a1,0
deeaa518d2,0
a9705aa4ee,1
d02daeaaa0,2
727aaca5a4,0
0eb23ff2d7,1
0a9b3e0c4b,1
f6ee3f960a,0
3b6daa7c70,0
2e8686a479,0
b83e1d52fe,0
4101bbdcb1,0
f1953950c0,1
f33f0f74d1,0
a51e8be730,0
2e3b73c709,0
6c7d4bc47c,0
b44d104d97,0
cdd4e14a6d,0
b099670f43,0
3759c152a6,0
ffb4feb8c6,1
e6ec48db29,1
287c74d7c6,1
b54ec72d38,0
e2a11b84e5,0
aeb7162844,0
bdae49f5c7,0
a7f8aec5c1,0
6bfd138f96,0
787fd0f11c,0
9eb2f2cdeb,0
13cab9a4bb,0
177b42f735,0
a199edb8cd,0
8a74b7f478,1
64e99f4c02,1
28b02e3d14,0
3e59da180b,0
773eabb702,0
f0d28d26a3,0
f55a4609f6,1
35ea2f24aa,0
7d0343d658,1
30a3ef8e45,2
b917bc9859,0
2c18662ca4,0
638eb048d1,2
9db553c2f9,0
7d88107353,0
c9fe2b182c,1
b30b98130a,0
d5ad8e979d,1
b73f81d2b2,1
7e5e8debfb,1
3d1e42f994,0
181c533419,0
3e89009ccd,2
87b0323b7a,0
775e56f6ab,0
b6c83a9daf,0
8dbf834e8d,0
7ceb04d31c,0
fe32596569,0
b2e00b319b,1
6ff74185f1,0
d4f3ad53b4,0
1552d356d2,1
eee584a1d5,0
cbda8a94ed,2
a96112cbaa,0
d8023a93c1,1
6486a1c170,1
8c3f2e343b,1
5e13865f5a,0
9f6cec0127,1
7b1fe130f0,0
9a03875eb3,0
29e21b0345,0
5730c3e115,0
0460516571,0
1e98b3410d,0
f8a38d0d49,0
813236ba6c,1
00f23199de,0
dfbbb46a3f,1
d4d00085ca,0
3c5b8fdaec,0
c9eadefe3b,0
779b038e3c,0
463edebcc5,1
a2c894c136,0
7fe0361a82,1
fafce89a4f,1
bd78b44ad5,1
fea74c8f1f,1
1741c02509,0
d36c7a1819,1
8a09f1ce88,0
aa5f97a08a,0
886bab32f7,1
c9ca0123aa,1
a13e70803a,0
4407a30a5f,0
aae7c19be8,0
de0bc88360,2
208e1e53fb,0
26260638a0,0
56c2cc5aeb,0
319358e3de,1
dbdd867f18,0
c5d1acc66a,0
a7bf4c3f07,0
62af966599,0
fc02189331,0
1f68267290,0
be9ae22336,0
96096f8060,2
0a9d4069f1,0
c5974ff704,0
a3ca9ca2a1,0
4f721d4af1,0
d9cfa870c4,0
7b9a524efa,0
25cc420d14,0
5a2c8ac62e,0
7f5add5636,1
5d506b3022,0
000d2358df,0
042ae7706a,0
cd190718e1,0
33121fcfd2,0
8d9b7a6a7c,0
eb8073d25d,0
5a55daa704,0
b24a2f11b2,0
f79a4bfd35,1
4010405695,0
98adde535a,0
1ed3b5decb,2
94acfd3acf,2
835194ea0a,0
be4775d0fe,0
de02137c0a,0
2dda35f564,1
546349a850,0
4f9b5ce989,0
35dfa1e0c6,1
31efd173b5,1
9042cd32e4,0
19a7fc7348,0
3dd8b37c3f,1
1357e7090f,0
d97374f3fc,0
279230949d,1
4160049a94,0
81d6538cab,0
04d78da41d,0
478315d1c3,0
fcd8979172,1
81d6e1733d,0
95e27f021a,1
2c9b4e8786,1
60a9f333c9,1
9430333b7b,1
a7cae48c16,1
2f9607f25b,1
2e908837dd,0
a9604eb0d3,0
d25f6fff9d,0
4e0e5822e6,0
467dc8244e,1
e79a070339,1
2407258db7,0
c852c412e4,2
1e2e046bf6,1
7ed3b520c3,1
a4c559781c,0
6e50b24c21,0
3f02a13ad6,1
135635af1e,1
1a4a3bb7ce,1
a877423f31,0
3364826e47,0
41371909f4,0
3c09e0045b,1
36b66c146b,0
dc5370fbe5,2
80ec419b98,1
876f8b6f14,1
3e4f15bd47,1
4c1ab6c42c,0
b7be48bdd1,0
60f49e7f43,0
145718d6e4,1
49dd566e90,0
bf3ee74039,0
e02fdb9ad5,0
91ff38982d,0
a42683043b,0
cbf7b71110,1
83de8e1f91,0
4d9ba03519,1
b18b12ba97,0
eebe19165d,1
7fbac76832,2
8ecf1961c0,0
db7e8a9646,0
ce420526ca,1
f23ac50bc9,0
002d0f5868,1
ab256fceaa,1
856d2f9e73,0
96f729f8cc,1
34c6810321,0
31d1bfe97e,2
d1b14059f5,0
ab8c5a634d,0
3d900fe9b6,0
933335c482,0
e21cb02f14,1
14527cd3ec,0
578df44c43,1
e40fce09ce,0
fd889b412b,0
efb35177a2,0
4bbb9ca869,0
b69c714e84,0
ea09b6bfcf,0
463846836d,1
f39fb679d2,1
27c4098d95,0
79556edccd,0
d3a03ca7d8,0
ee0848665a,1
c28d8e3622,0
0b0f3e687c,0
9bb455276a,0
76178f6f18,0
86a1433b0b,0
58acc24227,0
96117c1432,1
61b7a38f02,2
a389b84f7e,1
2fbe481e9c,2
f72478e5ae,0
245cd78cc0,0
faac3868f4,0
ece6252459,0
be4f270056,1
80b2e6cb8a,0
1fa6954953,0
b5eb633d39,0
e9b44b8d43,0
ec1058e5ef,0
f603a80033,0
ffc016223a,0
b277adfbec,0
9550466a27,0
5861fdaa82,0
30d525e07c,1
993019f38f,1
8ecd61d750,1
06d3cd1e6e,0
617379203d,1
5b17fc1c42,0
4bd84cbda8,1
3c2890f992,0
b8e080ff53,0
cd36aa9a40,0
e1798e72f8,0
19d687dd11,0
a9d086ba15,0
0dcdcae906,0
22ad9cbe20,0
c24e9f922c,0
ed5ad272aa,1
bcb6fb6d50,1
ad14d50a01,1
4a3dbbd111,0
016dd3a2fd,1
a7a817c9be,0
ad830c18e5,1
8b236f4cdf,0
d0eaf9448f,0
73277ab9be,0
1a9274a9fa,0
ba2806d687,0
4d5e65a435,2
7165f6dcb4,0
8aad2251e9,0
0ea2c223b1,0
795e320205,0
4f42c945e7,0
a8413649f9,1
9422bb86b1,0
855f360475,0
f3d9729b59,0
89d11437cc,0
4e22b30fd3,0
f6cbaece7e,0
0d26711de3,0
778ec123aa,1
b75bacddaa,1
0477a7322e,0
ef8bc60c1a,1
bbd8436c79,0
c8b559e652,1
13ea51a14d,0
5c7e3f4abf,0
154cc5d89c,0
7484ae9302,1
a0030791d8,0
4c08015860,0
6e4cd36586,0
e4a5a1ef6e,0
2045a643a8,1
df7e8069ca,1
84f0cf6848,1
f37f7ba325,2
9bff777abc,0
00430229dc,1
892d2f7f35,0
81e519d46e,0
7b0a15cbe7,2
fe9aa2b120,1
f27539982d,1
ef141adc78,0
2969547cba,0
1a75a4e80c,1
b73eee39e3,1
6e8b939fd5,1
38d045b1a4,0
eb215c1bc0,0
ee9fbfa772,0
39464c5a51,0
5df746cafc,0
fe25640c0c,0
1295771d4d,1
a9c95b7bef,2
b95177aeb6,0
1091d3103d,0
05fa1c26bc,0
d02a3a5a70,0
eca7c283f3,0
ffc9078f40,1
e6d06f2442,0
7b9023e328,0
3927434f1d,0
237c334b78,1
ad85db44bb,0
e5f6cf6d50,0
f1392ce96a,0
34a0028ac0,1
66eab148eb,0
fd5aa63bfc,1
5dc887e456,0
4ef2ce13d8,1
b8ef9a31dd,1
33dd07ec11,0
25c33661f0,0
aeb5bd0824,0
75421e2391,0
16c46d83b3,1
6d836d0c16,0
e18eeb0f3d,0
3d744019cd,1
3b34c7cf8b,1
2d62a208c3,1
79d879da09,1
5583568fea,2
6261649cb0,0
517046eaf2,1
dbc4bb81fa,0
02f0e64310,1
171815fcda,0
29d27befd3,0
3118085055,0
c2af86bbe4,2
e02f2cb1b6,0
e26165abde,2
313d8a7d7f,0
26b9be649e,0
2fe405a5ff,0
a183ecb40b,0
4f0d748044,0
40275a4c7f,0
f115755873,0
54d0007a56,0
f3c8d37d17,1
11b392d831,2
6cdc6aab2c,1
1ab9d6daa3,0
0790b3196f,0
b059907e50,0
1207381a16,0
625435dff6,0
a09c0f58f0,1
cef9e28951,1
e8820ae507,0
7e60b376a0,1
b53ba3eb49,0
13378a725b,0
bf6ca32459,1
0f56eb35a2,1
dd955de353,1
d8940485f8,0
9d2b691e9d,0
eba1ae9c9a,0
c53c61b2e3,0
06f9b00a14,0
efc1bebb43,0
8c61977e1a,1
d76bf5d8f7,0
96d6335aec,1
2db8166251,0
0a2cc81f26,0
482579bc06,0
99d603717a,1
1eb55fd205,0
f40f52fcac,0
4a2c96c46f,1
b5c531c77a,0
902e57d645,0
42d6065cd3,1
6cf491d341,0
afac714091,0
6b3becf532,2
678440a250,0
7db26b7c37,0
4de660616c,1
b94ccb5c9c,0
0f60bdb60e,0
6a7951754a,0
99ce4a8d3d,0
ffcea20a66,0
58ce6aef71,1
743fdb7eb8,0
74a3c5860b,0
ee71ae7d68,0
8c438f66a3,1
0865a6d8e3,0
6566795dcf,0
89f5feeb40,1
b0ff1dd12b,1
5c7e00a4b2,0
21060d118f,0
a3d5d72aaa,0
4f65d19d57,1
6dffb5256e,0
e09de63229,1
9a495bb5fd,0
5da80cc2f6,0
89ec17b705,0
a5ed76e441,0
a0d2d4c0d6,1
9d8ecd70cc,0
570d9a2ea4,0
326007a79e,1
557d34cb76,0
87bb8a239b,0
d32cb905fa,1
89acbe20ab,1
e9f5109863,1
91cecfc279,0
877139f2fb,0
7d29cd1ac8,0
0665f2235b,1
98e6096c69,1
c99b0b9621,1
20ce4cdc8c,0
3517094a17,1
c3e20dd05a,1
43620ab661,1
abb415bfd8,1
9425264056,0
044427e57e,0
0dbc7fc313,0
4d76ff6f90,0
692e38cfa9,1
16b6dc7eae,2
20a63e410c,0
37b538d5a1,0
038f1d4125,1
3088ec714c,0
1893df46d0,0
4954abfae8,1
31c5860338,0
cc605caced,0
f78b93c538,2
a31ab5e6bf,0
d2972c87a6,2
6562572d19,0
4c29728dfd,1
538c8e47c2,1
dd18a47657,0
cebe8fa728,0
177f143f9f,0
5d3e66d02f,0
686cc7bc28,0
5eab7ee190,0
28cf8787cb,0
b46621d4ea,1
953a591318,0
ad2edcc31c,0
513e083ad0,0
6640eda604,0
d2c49fef78,0
88861bfa27,1
13219faf87,0
2f680e28b7,0
9ade7b13c5,0
50b431dfde,1
72723bd379,0
82121def01,0
3aa0ffbeef,0
48a54e3ca4,0
9fa97cce4a,1
9469930e2d,1
41286ee69f,0
ee6ab061f7,0
fca6d2de55,2
89fd014cd1,0
1994b7a35c,0
dcbdd7bdc8,0
3353aedebc,0
07c400a71e,0
b098f6a1b5,0
23c6eeec46,1
f834c61120,1
fa51e08ea5,0
85062066a8,1
c0536b6716,0
0f011b79e8,1
0b6392774c,1
948d5bd74d,0
775f6998e8,0
d78204e22e,1
8e1455ee8d,1
84993e7e20,0
297a90c342,1
40445c38f0,0
034913efa8,0
cc0182912a,0
e2291f2bd5,0
da7a5170f8,1
c1a028afd4,0
924e66e9d7,0
06d518d463,1
ad88f4993d,1
3dfe9df028,0
5b8e581b06,0
0c310c6ae8,0
e66359daa4,0
4efa8d731e,0
ec88e9d225,1
72260b0e43,0
2469a9b69d,0
6560e281ae,1
920621a240,0
a9077bbcd9,0
fe94bdaada,1
eba4cd36e8,1
5765f5b6bb,0
3275a97926,1
9b8fea1fa1,0
cafe3a799d,1
80f477667f,0
250dfc5d57,0
31515f250c,1
517acb08a4,2
fbbace4334,1
1f849c0144,0
ee63dcac0b,1
0d4da5b21c,0
897489dfaf,0
ee616b3a11,0
5c57b8367f,2
1db205fc39,0
fe237e5484,0
eabe043549,0
36ef4bffea,1
a3bc43802d,1
a5b45cd977,2
5ff16d5a1c,1
ba75e793c2,0
1c846b87e3,0
98ffac2c96,1
f516c2232f,0
d3f8985627,0
f427644bbd,0
16b5415a54,0
3e89579cd6,1
8563c6291a,0
aef65d1d1e,1
60d5d4e485,0
86f8bb1f9b,1
882b87cfc2,0
5f3e6c532a,0
70b79d3deb,1
a80d463fef,0
822d81c3e2,0
8f5919a686,0
653b077374,0
720c2c3bbc,0
ebbeefddd0,0
8650bdaf6f,0
efbebc34be,0
d109b1d3de,0
e847cc2836,0
64a38be941,0
534d56b634,1
1b44bc65d2,1
25f94b8dc4,0
af1476ab36,1
12f2531b5f,1
5bfe3eb4e9,1
5a5fc1d045,0
3e5d44ae32,0
a751eb3c40,1
4030f74983,0
108abe48c6,0
cd100797dd,1
4e948d4890,1
7aaad8e667,0
5ba3273e70,0
bf2ea6b70a,1
f78a8c4c20,2
b4b252afde,1
90ec448cd8,1
d0ff2094dd,1
a5256bc66d,0
5b452a2ff9,1
0b04961869,1
0e9e78494e,0
01e151b010,0
f6671ca1df,0
63688ebfa9,0
28e857d37d,0
e6fa85e2b2,1
db7e6e8edc,0
fca5d13c7c,0
835fc78aa7,1
3476c49d6f,0
f93e099221,1
772c9c942c,0
4dd1b7dfa9,0
964ba48c6e,0
4a123388c7,1
6362b66534,0
23beafc540,0
a845f3fbdf,0
5e1d4e3bb5,0
c481699725,0
bfae0709bc,0
768191eed9,0
ae01316a86,0
084af194cd,0
6bbf4c8679,0
1143ee5328,0
0a1214927c,1
8e7642a9df,0
9bac6552fa,0
38ccf82a89,0
730786e2d3,1
7c66293d8c,1
ef61834453,0
5c15bd09d8,0
197102f82e,0
544b112b9e,0
1ada1328c2,0
0437fa5f50,0
eeb633625b,0
08f7495dcb,0
9fd90031fb,0
7b89daf16a,0
360e2f367a,0
c79ad03e9d,1
45566a6df0,1
a901e206fb,0
d5f3cb732e,2
29fa4cd9b6,0
12b6047c94,0
ad3339556d,0
9ee109da31,1
e6089762af,2
dc1c0cd2b9,0
e98acdc195,0
d7fa0fdfc3,0
d34bb8ecf1,0
2121023d52,0
fb1ccf7d3a,0
dd218327cf,1
7496c3199d,0
b5c5316775,0
e43cbfd8b6,1
bd63203660,0
d2aba02c1c,1
a5b75e4fbd,0
09e87d563e,1
f53b71c556,0
84ec0eff48,0
e698094479,0
c006dfab1d,0
aa7dffcb84,0
8f082f55b0,0
5c9ad365e2,0
a8462f5f05,0
a792b8d6d7,1
f3f8577334,0
91591a1765,1
4b4f138d77,1
4b551fec8a,0
8368a77b6d,0
ce47ce9f90,1
8066fc85b7,1
8cedaed77f,2
c58723f7b0,1
b4bcb8233c,1
8adf3b17ce,1
d438c08fe9,0
10b514e6a8,0
465d1df57b,0
3177ff9bdc,1
a50d386503,1
619a5b599e,0
40712a3230,2
e8180fd3d7,0
426391f008,0
ff1821374e,0
5deccb706d,0
02e657d236,1
b96e43c5e5,0
9a4ac3d40f,0
2c07f4b522,0
e79d56d80c,0
7f614fe2da,1
45dd0dfc8e,0
26e6612e59,0
bbd5d9fac9,0
63d563158d,1
57fb0a937d,1
fb61847330,0
3133d8ac09,0
3f01da2160,0
5289d67281,1
0d2765f5f0,0
b09f8beff0,0
090a9e6273,1
8a8a32919c,0
f1a6d0acef,0
ecf8a522e9,0
64573f85e6,2
67adea512b,0
8f5eb5e42f,0
9d19a53ccb,0
241405c3b7,0
69796d5e55,0
2bf8d0740c,1
aea650542c,0
35fa38eb96,0
6baa4ee2ce,0
b5c36e11b6,1
39c41f1709,2
11f4ecc8fb,0
a11dfd1df0,1
d472c467b8,0
7c9a7c8206,1
b64a8f7055,0
e945ad4b47,1
a1e463ae38,1
785b05d8cc,0
05ce2917be,0
7bfdf48677,0
2c2a2ff512,2
3a443a7316,0
545d3c9b0b,2
f2e41e99cb,1
a61f5b5e2d,0
e67f23e35f,0
87adbd7b05,1
ca36403b09,0
f0dc04fc06,0
0a787ba174,0
c3b40c1455,0
8a484a4e72,0
06207f3c4d,1
d8093bb18b,1
e3371faa8b,2
f9c0a031b4,0
d08079179d,0
621d136863,0
b4aca4927a,0
19925445a6,1
df295c35e0,2
79c9190a2c,0
5e0b3aab30,0
61304d2de0,0
dc7e94f891,0
d16e95adc0,1
ad2eef5282,0
ada5242409,1
1e0f551e34,1
7560f09e21,0
6acbf6f42d,0
5d91953b7c,0
509ffb8777,2
d49acea268,0
39fc953b41,1
e2abf48d4b,0
1831488a00,2
d8eeb8f71e,1
6d45b7b528,0
e637764027,1
69caacd23e,1
d0560fe908,2
75c1616ab2,1
5a9f0395b9,0
beffd6b733,0
b5afcb343c,0
fba6f5ed16,0
5ac7a332b2,0
5104944f34,0
b5e9f2a91b,0
123f11845f,0
05d4256fae,0
10955a88bf,0
b6e20852de,0
1eec1c34b7,1
e9fb236db4,0
3b92754f8b,0
f6f4c63d94,1
eeefe63e09,0
038941debd,0
74e1656129,0
46ca00a835,0
97355fedad,0
d074f1ee86,1
258d45487f,0
8b09364b38,0
6fcd0165c1,0
bfc0fef7c0,0
a4f6e7ed83,0
be1c5a8a78,0
ba11af2a5d,0
d49821f0f1,1
e6be268da1,0
91e19939aa,1
edf9f06ec1,1
6d0733ee93,0
5b692d047b,0
a4b4edf27c,0
f958907a81,0
f144490593,1
8d0e34870f,0
c35844424d,1
8a190cbfe1,0
ca01737970,1
f46312f0ac,0
91531e452d,1
ae0048dddc,0
6d56a457d7,0
adb8574ce4,1
dca2c74ea2,0
b83c650904,0
84e7081aaf,0
3fa7a1c5ae,1
9b07048098,0
4e42ce8fa9,0
22667145c8,1
c6d7f11dbc,0
eeb2995d0b,1
f1edbf0a66,0
90ed794c3d,1
c3ee8e475d,0
43a388eb8e,0
b12c50f5ce,0
7dac883880,0
44bfad0bfd,1
749b9c07ad,0
8820375d16,1
466e43a85c,0
966a507150,0
545d4491f9,1
6afa181ca6,0
69ef0216e4,0
0156c2c00e,1
aa757e5e73,2
91e1833bd9,2
1d32529b0e,0
fcc0d0d825,1
38e20b3dbb,0
04ded7e472,0
6840a4ce41,0
85c8fb9252,1
11b8452635,1
82d6a94df6,1
104e002176,2
403bf4dbe7,0
6e016c1214,0
a7ffa44a61,0
8846b46a20,0
95b23854e8,0
07f6fe3531,0
8e6fc1d0e8,0
60aca3d9f2,0
12db87eea1,1
1d8b849ca7,2
2867dd61ed,0
ee77121f96,0
4e9c6d9878,0
b47ee29912,0
eb06cd450c,1
d8d34aebfb,0
a3bcdcc8e5,0
c09d5e2a8c,1
facaed790e,0
3d0b8667de,2
426fc988ca,0
293fd228d5,2
b89485e78d,2
c75af704b5,0
1fe0e6b9b7,0
c48afb9178,0
6cacc66cd3,0
8951608704,0
d6687eb6a8,1
9538f9709f,0
b6dd711143,1
c3eca2d90b,1
8664906c6d,0
b246d33ca9,0
9f9a0816e8,0
a004bbfb8f,0
afe25a8712,0
dd153567e8,0
6b7c55acd4,1
d4d43c3d15,1
fb2bf6e341,1
9a3c7e1150,1
a1e96222f2,0
0f08495392,0
dc2566fc3a,0
aa9aacfe07,0
e62969564d,0
ea98f96e09,1
c99b2de24c,1
a508a485d3,0
6874a8fd29,1
82094736e6,1
0ed0b2183c,1
ae65c5d1be,0
c81a1b8ed1,0
5f5624a18b,0
bc6b6cb824,2
312c2ec549,1
e51cd529ed,1
8b12734672,0
fc94ba8c74,0
f260a7c029,0
06bf58245d,0
348de2abd4,0
ca0b62b584,1
fd829c5589,0
b7eb8520e4,0
7e34a9acd8,0
10081b27c7,0
d02537fa62,0
d290355170,0
fc0c3d460d,0
df7e6e5c97,0
e4955531bd,1
34ba3721b4,0
bb92933ffc,0
e7274df1c8,1
d1bb689fca,1
6db9ece727,1
4dacd11a47,0
2e1ff13b64,0
5d0a13e26f,0
29649a13e1,0
ad80c040a9,0
935dde367e,1
9eacc95ac9,0
3fd6e4c599,0
a1dea9ccc4,1
2cdc1cb553,0
1afeefcd75,1
db8c4f64e6,0
eac6647866,1
e22beade60,0
cbd8dae710,1
a333ac7f5a,1
91c88d9868,1
8ccbd28930,0
e0946459ba,1
35507043b6,1
ae1ec56001,0
c22c30f81a,0
1d78e3ffec,0
be046b1ed5,0
814983d46e,0
b845bc31ff,1
cceae2d8ad,2
729c24e37c,0
ccb8033826,0
6958d33125,0
79c529d6cd,0
921109a819,1
d7ade258c9,0
d480468cbf,2
87baa8baff,0
4072dc2286,0
c4289d5468,0
1a9d5e9d78,0
0741e1bae4,0
c016644965,2
00ffdce6ce,0
fec8d8dc0e,0
076cb3dcd6,2
2f17d9b24f,0
11cbb43d4e,1
4b400c4fc8,0
39ccf0688a,0
4fc9545c73,0
112beab3b8,0
572738e915,1
9d7204d09d,0
7d9e040822,0
c4df65247f,0
795c1656e5,0
c20d7e7736,0
4000a96078,1
9bc2cdea49,1
c6a34c1ea3,0
bcb42819b3,0
8fd7307572,0
876f35ddcb,0
58f4ee61fd,0
c9bb61510d,0
d1c14ab82a,0
810817356f,1
4fa3261856,2
708270b3ec,0
514a1deb71,0
fe74871c3d,1
2eb91986fa,0
2707d8f8fb,0
b383365a6f,0
33f5d78bc2,1
e7ddd26505,0
dfb653d019,0
87b5090e61,0
9d7f4bc970,1
6849aff978,0
e63a7d264c,0
5e41a0d586,1
d359b0fd7e,0
fce3512b32,1
b623cd6b66,0
7da1f9f325,1
d17a2235d3,2
7856826f47,2
5bb94905ac,0
78e1f7e5a8,0
4ac49fa3fd,1
36c8a2fbbd,1
e3934490fd,0
9a953d17bf,1
f719c64bb7,0
a2907215a8,0
8bd5c60b51,1
0271f4358f,0
3263625f20,1
d3a1f4ef02,0
93ec666617,0
030504e3ff,0
7a796e629f,0
36245278b0,1
7ea5d5a014,0
d610a1735f,0
f3154c04c3,1
0a092f069c,0
3f71ec0515,0
0707563d69,0
339e18d3ff,0
25909108a8,0
d42453c46b,0
6ffe7a5602,0
be921b0e13,0
7924f33c2c,1
9f1dc84259,0
d5950f326f,0
ea5415eeb0,1
20a4f0129c,1
e7e5e7b115,1
9bb8d84389,0
dc84a2c251,0
01392be83b,0
7647bdf18a,0
665c985822,0
6a61bae6eb,1
a51e1ac4bf,1
59af1f0a44,2
7f80ceb4f8,0
36a83c82dc,0
967acbd410,1
25cd68fe86,0
7379f4c2e7,0
a31b9893a5,1
4dd7a8a734,0
8d2fb5513b,0
e1ab99f05e,0
21e53aa923,0
6a835d1b77,1
7cafbbeba5,1
a2a6debc74,0
a995500549,0
1657a7202b,0
fd56775748,0
3a91f9bb67,0
42da572974,0
014e662ae0,1
4a72cb5302,1
51f2882db0,0
cc0ca7b48e,0
b7107ea585,0
b34eb2f5ec,0
0807d2ba50,1
dfdbf66e46,1
84780b058d,0
bce10710ee,0
9ab4075e02,1
0fd24f85ca,1
b648a340a3,0
b232a3ac2a,0
e6a3b770e9,0
a38077b180,1
86022b3fda,1
33350c4f90,2
d4a6c87f4b,1
767631a383,0
b2c78dac06,0
fbc627b1b2,0
5097d3e084,0
0958727490,0
df695f0fe2,1
ca7c6061e3,0
a4ada2acfd,2
0042e62a44,0
6f6f57f7de,0
afd75dddae,1
659bc9d7e7,1
e909176898,1
1c9f0c09c3,0
b200eeead5,0
251ca3ad0b,1
9616313865,0
368c7f3d03,0
b1fa6d8004,1
ed59ad113c,0
bc3f95773f,1
bfe756cbca,0
40b28154cf,0
b269c6bfab,0
a7a498af42,1
421a40da11,1
b8498a4468,1
9bbb6184ca,0
7961e2d4bb,2
6fea502f70,0
31ff97b80d,0
f716b969b8,0
cd39b84c20,0
c808a4aea6,0
dbeb8348c7,0
9d6d77687b,0
5689dbc430,0
f57d2b92fe,2
a36d855511,1
24558fc8e3,0
eca1ef9cc8,0
de724dc228,1
1531571ddd,0
ab3f522ee1,1
dbb538d734,1
5a66f010d8,0
536fe41071,0
ae87cabbca,0
3ca04e5834,0
7269633895,0
37dd4a7a8b,0
5749ffc066,0
f4811d6617,0
d73a4c6268,0
91e90b8c74,0
7726c9e830,0
a0510574a2,0
1e5292fb61,1
1b02cdd605,0
62fff464eb,0
bbccd98018,0
faacc6a5fd,2
41c3af4a95,1
9b2d1ed444,0
78288d17d4,0
6c9ae7451f,1
9bb7c55e1c,1
11f5bd6a96,2
2303757bd0,1
f54f2f05eb,1
f9d5731ba5,0
3508ee0005,1
33021e93a4,0
796f6238b1,0
5061969a06,0
d0e72b85fa,0
6c76fec253,0
0df4e7f379,0
d76f779cf5,0
97ec015198,1
e8db0995ec,0
d8743a4a32,0
10b532a2c8,0
a19fa9b83e,1
7b7d76ead9,0
a40c8a5485,0
35e654ecc5,0
5eb220f2fa,1
b7114ef777,2
79bc99a2d4,0
c19ece789d,0
e2427616cb,2
05aa717c2f,0
a535fb768e,1
7db4042c2a,0
04fc331445,0
c01698bc7d,0
915b8eabfd,1
ab7b0531bb,0
8d1e511502,0
035235cadb,1
7f6a4db4e2,1
47262281dc,0
921c2efcce,1
140a660fcb,0
56a05bd642,1
c0360a72e0,0
a738dad578,1
0324cb8b0d,0
69d9676d8d,1
87df131a9b,1
028793df8f,2
55ec507ea7,0
35b7aa02cb,1
cf631ae72a,0
bea3dbec3e,0
4fd94ba0a4,0
883bd95378,1
10a56179d9,0
a6217183e2,0
bc955f3ba4,0
049ef3add0,0
c2dcec977e,1
7db6e6a671,0
2440de3811,0
0c2bbe8f48,1
ba00146e8f,1
71c6fd3ea3,1
07f20b5e44,0
9c3e4e1e79,0
5fd9fa76d8,0
fd1361dcd3,0
a7097d4bcd,0
eef6b893cb,0
57fca95ff7,0
2050128905,0
68a5966fc2,0
fe6896cc1d,1
c7f90a75fd,0
e226accf8b,0
4cc4b73cfb,0
43da5a93ce,0
6517bc8e9e,0
f319b860dc,1
46baf47d7b,2
8fd0f74513,1
e703bf69da,0
d71dbea88f,0
16444ddf6c,1
6d6e909b96,1
df33dbefb0,0
7e15b001cb,0
53ba2bc7ce,0
723955407e,1
61a2e2a4b8,2
9eda2dd4bb,0
0ebaf78fff,0
a02f344be2,0
75c9aaf3a0,0
e491496b7d,0
3cbd1fe797,0
3ccad640d1,0
baa23f3867,0
ca0726a1d6,1
1bf230edec,1
46696a3521,0
45971052b2,0
d959dbfc78,1
a075085425,0
2299ec6426,0
42ca7195a9,0
e6f76695ec,0
3f633deb74,0
7d4e4cb433,0
3c0680345d,0
2d0430343c,0
db51a72f4f,1
b58365e0cc,0
2f26dff025,0
438d6c0cc1,0
d0bea822e2,0
5700951474,0
a907d72d44,0
c418fcec3c,0
986d1f03df,1
db5a874bca,1
1d6bb9e8f3,2
c0903c912b,1
28bf4846d0,0
78c2036ff2,1
54c80f1682,1
4d976d52a9,1
a8d9b922e0,2
d074178155,0
5df236fde3,1
58561149fc,0
8b28faf8ef,1
b9e0d69b38,1
eacacd5caa,1
5ec751e79c,0
c86c61c94e,0
f617811f04,1
279cbe3f50,0
729a7f73e7,0
0cd8ca4d12,1
e12235451b,0
ba8f8c1389,0
25f14465f8,2
f0318253cd,1
d3b6756d78,1
f996c1bf63,0
19166c1b46,0
c4145b04d0,0
4fbde195c3,0
0da03f96ef,1
d65bd6482e,0
178d2e270d,0
26b16510b8,0
41b9b89df8,2
a6128f8fef,0
df3ce54475,0
5c383faee2,0
4ae360d30e,0
46fd1f1e35,1
e83e4e3342,1
00025f94ac,1
49180dc484,0
ed5d0336a1,1
53f3c27813,1
df79c0e400,0
21b58487fc,1
1df73e08c2,0
ccd447d124,0
44503f4dea,0
d7c97ac42a,0
90c7df2c60,1
2d73649c13,0
560cb43f2e,1
9f8c67cfa1,0
f5eabaefc5,0
9418ec4b81,1
67ceb3b3ed,0
33799b9b10,0
d38c8476cb,0
8411bc0b37,0
8a93d1eaa5,0
60a1ef4eba,0
583869942e,1
c74aa8292d,0
4bc72cdce0,1
7e965eed9e,0
b18c41dd46,1
fee93206e2,0
2241c4da8d,1
d8c09bfbb5,0
4caae7be7b,0
1cf073b067,1
ca0b1ac1c5,1
3eca3d1ca7,0
3fa620391a,1
b1cd02de6a,0
a238e4dfdb,0
49d1e9c625,0
a663fdcd8b,0
21737d69d5,0
5f3409560e,0
790d418d61,0
a10f1eb015,1
b9f6d4c4e6,0
a0aaee0398,0
3e6f2dbf10,0
bf5ae9fe20,1
9c1e1da0c1,0
428cc4773b,0
74c6fa3374,0
28a7a11b0f,0
9a6ecb4f74,1
0f2f48683f,0
a906068293,0
f035dd565b,1
527787b6eb,1
0ee2b39f37,1
e5a80ed6ba,0
6a6bf88953,0
d1f3c66466,0
692bf759c0,1
1e22026ac4,2
f14d227593,1
0504a11780,1
d012c91c6a,2
e65275d740,0
d83a2d3292,1
cc3f5c64b4,0
aa03d3563c,2
654bf044b1,0
7646dcc33c,0
0393470806,0
773d171552,0
8cf9db91bf,0
05810dd996,0
10cfd7833a,0
0bb1d024f0,0
10f4ac9d11,0
6f32a69dc3,1
5860d341c1,0
f14649421b,1
36ef24df21,0
ddd65c9ae2,1
b1bc37b7fc,1
9153dfe9ec,0
9174a8a76e,0
b9c533db92,0
21a1d2af87,0
3b844b2968,1
2395d0b146,1
37447a00c3,0
44be410d9f,0
98afa3a83e,0
d43a3e3934,0
dfaefcaba4,1
dfeecc4084,0
010fbe8de7,0
f8c0376278,0
4a85eb4a21,1
822580399c,1
7cf3bcb3ad,0
fc42a72a7f,1
e16357f834,0
118ab1cdc5,0
804fa35caa,0
7cc7006e2f,0
8cfc6abd3e,1
fe4af27a39,1
e0a6b96b41,2
3df1db0d93,0
0e0d816175,0
15006a82b5,0
394b4cae16,0
11eecdaeac,2
4555a7ad62,1
f94bab2537,0
3bb3f53f62,1
99d54a2924,0
c648f64e35,0
74b745c9e1,0
7d6a5b06ba,0
4969299008,1
3db4970b97,1
269c09656d,0
bd1f0fde11,1
c38facfa47,2
138a1b848c,0
3e3dec69f0,0
3c64072ad3,0
9b647511b9,1
2ae93addbd,0
c59fa5fcf5,0
81ea362574,0
4a58542cc6,1
7f62486d2e,2
a735fa3655,0
cefe507c84,0
4c8e9412d5,0
454cf7e29d,1
b939e1a969,1
fffa592db9,0
932defb923,0
61e9b7a9c9,0
7f9ad2c0cc,0
8a8395248b,0
2a9897b3af,0
50be59db8e,0
79dd9030c1,2
f79f708801,0
5a7223ad19,0
1b1529ebd5,0
f2c9dabd05,0
fba50d5651,0
115c392946,2
c35aa5fbfb,0
2ad0c241a9,0
8bb2f9218e,0
f114f01150,0
d92fa7ad6b,1
48654cdc73,1
fa15569545,0
e3a06205f5,0
d0583b9383,1
dae0d1991f,0
9e0ea9ecbc,1
15c485bf8a,0
94731b1381,1
6f0a06a8d7,0
a48b07c49c,1
34cd323b96,0
66ff861614,1
6c3ea6f168,0
8b74d03b53,0
53657af44d,0
dffbf4838b,1
86a70bb411,0
bca27d3121,1
a2cb786540,0
df680f8d6d,0
9cc66f6357,1
c16b4bfcc6,1
349c582f44,0
1965d6702f,1
4d5bdd9edb,1
4e4cf4ce73,0
249b4e1b72,0
278649cee4,1
91e6b8ef31,1
22040d132e,1
0020718207,1
7779da7d79,0
30566ebb33,1
33219a1c83,0
4f44c62c1a,0
7f8298d7b5,1
591b17fe92,0
ea5f461825,0
85b1f780b2,1
47581f9167,1
bf5acb611d,1
30823dc634,0
a9f8674f8c,1
ada79db431,0
2329e19844,0
f573e0b598,1
7a9381dd7c,1
7e42670cad,0
1b545f1829,2
763c163dc4,1
55a54a8f09,0
e19c140461,0
92c2ac6fd0,0
581e9ad249,0
84fb908193,0
b69472800b,0
854d704177,0
f0823b9a42,0
2fdab9fc61,0
07996277a8,1
ef20b8529b,0
afa34dcf58,0
e4f1debbf5,1
2be1dc12f3,1
05ca315962,0
9625e3bf5e,1
d08782fd15,0
ad323f2331,1
1d65bc3cb4,0
109b507fc7,0
87f1e81029,1
9156ebd727,0
836d568e81,0
9615270b71,2
c3944fb307,0
f3849341cb,0
4ac6c8c846,1
bfae26dd69,0
975dded02f,0
4c5dfd24cc,0
2f1df5078a,1
c78ba78eae,1
dd0955f700,0
a7f39709c3,0
f789ca57cb,1
4decd5bac2,0
5a491bed1c,0
87f61f6b3d,0
5415773321,0
f7577cfcb4,1
d874aa1893,1
c2597b0c93,0
a5dd99afef,1
f1edc81e7d,0
919effe64f,2
88f9396708,1
7dd65166e6,1
0b66ee4a37,1
eff2c60e97,2
7618dd5a26,1
d349fe8ab4,0
0242fd3023,0
c2e4b293bf,0
3189b0ae29,0
f88b84f4e1,0
5f90dd59b0,0
f357a04e86,1
1f0ea92118,0
0407b48afb,0
16c2f2ab89,0
